Workbook
Name חודש: טבלאות!$E$2:$E$14
Name סוג_כרטיס: טבלאות!$K$2:$K$6
Name סוגי_הוצאות: טבלאות!$A$2:$A$25
Name סוגי_הכנסות: טבלאות!$C$2:$C$7

Sheet סיכום
A3: הכנסות מול הוצואות | F3: תחומי הוצאות
A5: גרף בר | F5: גרף פאי
A7: חודש בחירה | B7: אוקטובר
A9: סה"כ הכנסות | B9: =SUMIF(הכנסות!A4:G17,$B$7,הכנסות!G3:G17) -> 115
A10: סה"כ הוצאות

Sheet הכנסות
A1: הוצאות מול הכנסות
A3: חודש | B3: סוג הכנסה | G3: סה"כ הכנסות | H3: הוצאה | I3: פער
B4: משכורות | C4: צבא | D4: ביטוח לאומי | E4: ביטוח | F4: אחר
A5: ינואר | B5: =20555.96+19835.64 -> 40391.6 | C5: 220 | D5: 269 | F5: 1000 | G5: =SUM(B5:F5) -> 41880.6 | H5: =הוצאות!C78 -> 25054.09 | I5: =G5-H5 -> 16826.51
A6: פברואר | B6: =13792.62+25182.08 -> 38974.7 | C6: =422+266 -> 688 | D6: 269 | F6: 1000 | G6: =SUM(B6:F6) -> 40931.7 | H6: =הוצאות!D78 -> 56581.24 | I6: =G6-H6 -> -15649.54
A7: מרץ | B7: =33925.28+14791.47 -> 48716.75 | C7: =176+66 -> 242 | D7: 269 | F7: 1000 | G7: =SUM(B7:F7) -> 50227.75 | H7: =הוצאות!E78 -> 26671.54 | I7: =G7-H7 -> 23556.21
A8: אפריל | B8: =14111.7+19602.07 -> 33713.77 | C8: =48+22 -> 70 | D8: 269 | F8: =1000+2988 -> 3988 | G8: =SUM(B8:F8) -> 38040.77 | H8: =הוצאות!F78 -> 17018.54 | I8: =G8-H8 -> 21022.23
A9: מאי | B9: =14325.74+25804.21 -> 40129.95 | C9: =1152+6218.57+5808 -> 13178.57 | D9: 269 | F9: 1000 | G9: =SUM(B9:F9) -> 54577.52 | H9: =הוצאות!G78 -> 61784.35 | I9: =G9-H9 -> -7206.83
A10: יוני | B10: =14630.14+33927.2 -> 48557.34 | C10: =744+330 -> 1074 | D10: 115 | F10: =1430+1439+1000+3670 -> 7539 | G10: =SUM(B10:F10) -> 57285.34 | H10: =הוצאות!H78 -> 58698.5 | I10: =G10-H10 -> -1413.16
A11: יולי | B11: =16789.01+38753.59 -> 55542.6 | C11: =341+384 -> 725 | D11: 115 | F11: 1000 | G11: =SUM(B11:F11) -> 57382.6 | H11: =הוצאות!I78 -> 42550.64 | I11: =G11-H11 -> 14831.96
A12: אוגוסט | D12: 115 | G12: =SUM(B12:F12) -> 115 | H12: =הוצאות!J78 -> 4743.52 | I12: =G12-H12 -> -4628.52
A13: ספטמבר | D13: 115 | G13: =SUM(B13:F13) -> 115 | H13: =הוצאות!K78 -> 4700 | I13: =G13-H13 -> -4585
A14: אוקטובר | D14: 115 | G14: =SUM(B14:F14) -> 115 | H14: =הוצאות!L78 -> 3798.76 | I14: =G14-H14 -> -3683.76
A15: נובמבר | D15: 115 | G15: =SUM(B15:F15) -> 115 | H15: =הוצאות!M78 -> 4700 | I15: =G15-H15 -> -4585
A16: דצמבר | D16: 115 | G16: =SUM(B16:F16) -> 115 | H16: =הוצאות!N78 -> 3812.73 | I16: =G16-H16 -> -3697.73
A17: סה"כ | B17: =SUM(B5:B16) -> 306026.71 | C17: =SUM(C5:C16) -> 16197.57 | D17: =SUM(D5:D16) -> 2150 | E17: =SUM(E5:E16) -> 0 | F17: =SUM(F5:F16) -> 16527 | G17: =SUM(G5:G16) -> 340901.28 | H17: =SUM(H5:H16) -> 310113.91 | I17: =SUM(I5:I16) -> 30787.37
A19: חסכון שנתי | H19: סיכום שנתי
A21: חיסכון (מיטב/ בנק) | B21: תאריך 01.1.26 | C21: תאריך 31.12.26 | D21: פער | E21: % רווח | H21: סה"כ חיסכון שנתי | I21: =IF((C22+C23+C24)=0,0,C22-B22+C23-B23+C24-B24) -> 0
A22: מיטב דש | B22: 901372 | C22: =IF(F22=0,0,F22-הוצאות!O77) -> 0 | D22: =IF(C22>0,C22-B22,0) -> 0 | E22: =IF(C22=0,0,((C22/B22)-1)) -> 0 | H22: סה"כ הכנסות | I22: =G17 -> 340901.28
A23: בנק פקדונות | B23: 361259.51 | C23: 0 | D23: =IF(C23>0,C23-B23,0) -> 0 | E23: =IF(C23=0,0,((C23/B23)-1)) -> 0 | H23: חיסכון מההכנסות | I23: =IF(I21*I22=0,0,I21/I22) -> 0
A24: בנק שוק הון | B24: 711538.09 | C24: =IF(F24=0,0,F24-הוצאות!O75) -> 0 | D24: =IF(C24>0,C24-B24,0) -> 0 | E24: =IF(C24=0,0,((C24/B24)-1)) -> 0

Sheet הוצאות
B1: סוג הוצאה | C1: ינואר | D1: פברואר | E1: מרץ | F1: אפריל | G1: מאי | H1: יוני | I1: יולי | J1: אוגוסט | K1: ספטמבר | L1: אוקטובר | M1: נובמבר | N1: דצמבר | O1: סה"כ
A2: אשראי | B2: ביגוד והנעלה | C2: =SUMIF('1'!$L:$M,הוצאות!$B2,'1'!$M:$M) -> 0 | D2: =SUMIF('2'!$L:$M,הוצאות!$B2,'2'!$M:$M) -> 1980.4 | E2: =SUMIF('3'!$L:$M,הוצאות!$B2,'3'!$M:$M) -> 115 | F2: =SUMIF('4'!$L:$M,הוצאות!$B2,'4'!$M:$M) -> 0 | G2: =SUMIF('5'!$L:$M,הוצאות!$B2,'5'!$M:$M) -> 212.4 | H2: =SUMIF('6'!$L:$M,הוצאות!$B2,'6'!$M:$M) -> 0 | I2: =SUMIF('7'!$L:$M,הוצאות!$B2,'7'!$M:$M) -> 50 | J2: =SUMIF('8'!$L:$M,הוצאות!$B2,'8'!$M:$M) -> 0 | K2: =SUMIF('9'!$L:$M,הוצאות!$B2,'9'!$M:$M) -> 0 | L2: =SUMIF('10'!$L:$M,הוצאות!$B2,'10'!$M:$M) -> 0 | M2: =SUMIF('11'!$L:$M,הוצאות!$B2,'11'!$M:$M) -> 0 | N2: =SUMIF('12'!$L:$M,הוצאות!$B2,'12'!$M:$M) -> 0 | O2: =SUM(C2:N2) -> 2357.8
B3: ביטוח | C3: =SUMIF('1'!$L:$M,הוצאות!$B3,'1'!$M:$M) -> 553.75 | D3: =SUMIF('2'!$L:$M,הוצאות!$B3,'2'!$M:$M) -> 711.4 | E3: =SUMIF('3'!$L:$M,הוצאות!$B3,'3'!$M:$M) -> 998.23 | F3: =SUMIF('4'!$L:$M,הוצאות!$B3,'4'!$M:$M) -> 1216.34 | G3: =SUMIF('5'!$L:$M,הוצאות!$B3,'5'!$M:$M) -> 1220.08 | H3: =SUMIF('6'!$L:$M,הוצאות!$B3,'6'!$M:$M) -> 697.03 | I3: =SUMIF('7'!$L:$M,הוצאות!$B3,'7'!$M:$M) -> 732.46 | J3: =SUMIF('8'!$L:$M,הוצאות!$B3,'8'!$M:$M) -> 0 | K3: =SUMIF('9'!$L:$M,הוצאות!$B3,'9'!$M:$M) -> 0 | L3: =SUMIF('10'!$L:$M,הוצאות!$B3,'10'!$M:$M) -> 0 | M3: =SUMIF('11'!$L:$M,הוצאות!$B3,'11'!$M:$M) -> 0 | N3: =SUMIF('12'!$L:$M,הוצאות!$B3,'12'!$M:$M) -> 0 | O3: =SUM(C3:N3) -> 6129.29
B4: בילוי ומסעדות | C4: =SUMIF('1'!$L:$M,הוצאות!$B4,'1'!$M:$M) -> 70 | D4: =SUMIF('2'!$L:$M,הוצאות!$B4,'2'!$M:$M) -> 861 | E4: =SUMIF('3'!$L:$M,הוצאות!$B4,'3'!$M:$M) -> 272 | F4: =SUMIF('4'!$L:$M,הוצאות!$B4,'4'!$M:$M) -> 49 | G4: =SUMIF('5'!$L:$M,הוצאות!$B4,'5'!$M:$M) -> 0 | H4: =SUMIF('6'!$L:$M,הוצאות!$B4,'6'!$M:$M) -> 1135 | I4: =SUMIF('7'!$L:$M,הוצאות!$B4,'7'!$M:$M) -> 141.4 | J4: =SUMIF('8'!$L:$M,הוצאות!$B4,'8'!$M:$M) -> 0 | K4: =SUMIF('9'!$L:$M,הוצאות!$B4,'9'!$M:$M) -> 0 | L4: =SUMIF('10'!$L:$M,הוצאות!$B4,'10'!$M:$M) -> 0 | M4: =SUMIF('11'!$L:$M,הוצאות!$B4,'11'!$M:$M) -> 0 | N4: =SUMIF('12'!$L:$M,הוצאות!$B4,'12'!$M:$M) -> 0 | O4: =SUM(C4:N4) -> 2528.4
B5: בית וגן | C5: =SUMIF('1'!$L:$M,הוצאות!$B5,'1'!$M:$M) -> 946.49 | D5: =SUMIF('2'!$L:$M,הוצאות!$B5,'2'!$M:$M) -> 622.36 | E5: =SUMIF('3'!$L:$M,הוצאות!$B5,'3'!$M:$M) -> 1053.62 | F5: =SUMIF('4'!$L:$M,הוצאות!$B5,'4'!$M:$M) -> 524.32 | G5: =SUMIF('5'!$L:$M,הוצאות!$B5,'5'!$M:$M) -> 486.5 | H5: =SUMIF('6'!$L:$M,הוצאות!$B5,'6'!$M:$M) -> 603.36 | I5: =SUMIF('7'!$L:$M,הוצאות!$B5,'7'!$M:$M) -> 997.33 | J5: =SUMIF('8'!$L:$M,הוצאות!$B5,'8'!$M:$M) -> 0 | K5: =SUMIF('9'!$L:$M,הוצאות!$B5,'9'!$M:$M) -> 0 | L5: =SUMIF('10'!$L:$M,הוצאות!$B5,'10'!$M:$M) -> 0 | M5: =SUMIF('11'!$L:$M,הוצאות!$B5,'11'!$M:$M) -> 0 | N5: =SUMIF('12'!$L:$M,הוצאות!$B5,'12'!$M:$M) -> 0 | O5: =SUM(C5:N5) -> 5233.98
B6: בית ספר | C6: =SUMIF('1'!$L:$M,הוצאות!$B6,'1'!$M:$M) -> 750 | D6: =SUMIF('2'!$L:$M,הוצאות!$B6,'2'!$M:$M) -> 746 | E6: =SUMIF('3'!$L:$M,הוצאות!$B6,'3'!$M:$M) -> 746 | F6: =SUMIF('4'!$L:$M,הוצאות!$B6,'4'!$M:$M) -> 746 | G6: =SUMIF('5'!$L:$M,הוצאות!$B6,'5'!$M:$M) -> 0 | H6: =SUMIF('6'!$L:$M,הוצאות!$B6,'6'!$M:$M) -> 0 | I6: =SUMIF('7'!$L:$M,הוצאות!$B6,'7'!$M:$M) -> 0 | J6: =SUMIF('8'!$L:$M,הוצאות!$B6,'8'!$M:$M) -> 0 | K6: =SUMIF('9'!$L:$M,הוצאות!$B6,'9'!$M:$M) -> 0 | L6: =SUMIF('10'!$L:$M,הוצאות!$B6,'10'!$M:$M) -> 0 | M6: =SUMIF('11'!$L:$M,הוצאות!$B6,'11'!$M:$M) -> 0 | N6: =SUMIF('12'!$L:$M,הוצאות!$B6,'12'!$M:$M) -> 0 | O6: =SUM(C6:N6) -> 2988
B7: בריאות | C7: =SUMIF('1'!$L:$M,הוצאות!$B7,'1'!$M:$M) -> 413.41 | D7: =SUMIF('2'!$L:$M,הוצאות!$B7,'2'!$M:$M) -> 862.43 | E7: =SUMIF('3'!$L:$M,הוצאות!$B7,'3'!$M:$M) -> 674.51 | F7: =SUMIF('4'!$L:$M,הוצאות!$B7,'4'!$M:$M) -> 549.65 | G7: =SUMIF('5'!$L:$M,הוצאות!$B7,'5'!$M:$M) -> 265.42 | H7: =SUMIF('6'!$L:$M,הוצאות!$B7,'6'!$M:$M) -> 1641.86 | I7: =SUMIF('7'!$L:$M,הוצאות!$B7,'7'!$M:$M) -> 493.64 | J7: =SUMIF('8'!$L:$M,הוצאות!$B7,'8'!$M:$M) -> 0 | K7: =SUMIF('9'!$L:$M,הוצאות!$B7,'9'!$M:$M) -> 0 | L7: =SUMIF('10'!$L:$M,הוצאות!$B7,'10'!$M:$M) -> 0 | M7: =SUMIF('11'!$L:$M,הוצאות!$B7,'11'!$M:$M) -> 0 | N7: =SUMIF('12'!$L:$M,הוצאות!$B7,'12'!$M:$M) -> 0 | O7: =SUM(C7:N7) -> 4900.92
B8: הלוואות ומשכנתא | C8: =SUMIF('1'!$L:$M,הוצאות!$B8,'1'!$M:$M) -> 0 | D8: =SUMIF('2'!$L:$M,הוצאות!$B8,'2'!$M:$M) -> 0 | E8: =SUMIF('3'!$L:$M,הוצאות!$B8,'3'!$M:$M) -> 0 | F8: =SUMIF('4'!$L:$M,הוצאות!$B8,'4'!$M:$M) -> 0 | G8: =SUMIF('5'!$L:$M,הוצאות!$B8,'5'!$M:$M) -> 0 | H8: =SUMIF('6'!$L:$M,הוצאות!$B8,'6'!$M:$M) -> 0 | I8: =SUMIF('7'!$L:$M,הוצאות!$B8,'7'!$M:$M) -> 0 | J8: =SUMIF('8'!$L:$M,הוצאות!$B8,'8'!$M:$M) -> 0 | K8: =SUMIF('9'!$L:$M,הוצאות!$B8,'9'!$M:$M) -> 0 | L8: =SUMIF('10'!$L:$M,הוצאות!$B8,'10'!$M:$M) -> 0 | M8: =SUMIF('11'!$L:$M,הוצאות!$B8,'11'!$M:$M) -> 0 | N8: =SUMIF('12'!$L:$M,הוצאות!$B8,'12'!$M:$M) -> 0 | O8: =SUM(C8:N8) -> 0
B9: חוגים | C9: =SUMIF('1'!$L:$M,הוצאות!$B9,'1'!$M:$M) -> 1655 | D9: =SUMIF('2'!$L:$M,הוצאות!$B9,'2'!$M:$M) -> 1975 | E9: =SUMIF('3'!$L:$M,הוצאות!$B9,'3'!$M:$M) -> 2665 | F9: =SUMIF('4'!$L:$M,הוצאות!$B9,'4'!$M:$M) -> 880 | G9: =SUMIF('5'!$L:$M,הוצאות!$B9,'5'!$M:$M) -> 8891 | H9: =SUMIF('6'!$L:$M,הוצאות!$B9,'6'!$M:$M) -> 1310 | I9: =SUMIF('7'!$L:$M,הוצאות!$B9,'7'!$M:$M) -> 870 | J9: =SUMIF('8'!$L:$M,הוצאות!$B9,'8'!$M:$M) -> 0 | K9: =SUMIF('9'!$L:$M,הוצאות!$B9,'9'!$M:$M) -> 0 | L9: =SUMIF('10'!$L:$M,הוצאות!$B9,'10'!$M:$M) -> 0 | M9: =SUMIF('11'!$L:$M,הוצאות!$B9,'11'!$M:$M) -> 0 | N9: =SUMIF('12'!$L:$M,הוצאות!$B9,'12'!$M:$M) -> 0 | O9: =SUM(C9:N9) -> 18246
B10: חינוך ומשפחה | C10: =SUMIF('1'!$L:$M,הוצאות!$B10,'1'!$M:$M) -> 0 | D10: =SUMIF('2'!$L:$M,הוצאות!$B10,'2'!$M:$M) -> 5250 | E10: =SUMIF('3'!$L:$M,הוצאות!$B10,'3'!$M:$M) -> 5250 | F10: =SUMIF('4'!$L:$M,הוצאות!$B10,'4'!$M:$M) -> 0 | G10: =SUMIF('5'!$L:$M,הוצאות!$B10,'5'!$M:$M) -> 0 | H10: =SUMIF('6'!$L:$M,הוצאות!$B10,'6'!$M:$M) -> 0 | I10: =SUMIF('7'!$L:$M,הוצאות!$B10,'7'!$M:$M) -> 0 | J10: =SUMIF('8'!$L:$M,הוצאות!$B10,'8'!$M:$M) -> 0 | K10: =SUMIF('9'!$L:$M,הוצאות!$B10,'9'!$M:$M) -> 0 | L10: =SUMIF('10'!$L:$M,הוצאות!$B10,'10'!$M:$M) -> 0 | M10: =SUMIF('11'!$L:$M,הוצאות!$B10,'11'!$M:$M) -> 0 | N10: =SUMIF('12'!$L:$M,הוצאות!$B10,'12'!$M:$M) -> 0 | O10: =SUM(C10:N10) -> 10500
B11: חיסכון | C11: =SUMIF('1'!$L:$M,הוצאות!$B11,'1'!$M:$M) -> 0 | D11: =SUMIF('2'!$L:$M,הוצאות!$B11,'2'!$M:$M) -> 0 | E11: =SUMIF('3'!$L:$M,הוצאות!$B11,'3'!$M:$M) -> 0 | F11: =SUMIF('4'!$L:$M,הוצאות!$B11,'4'!$M:$M) -> 0 | G11: =SUMIF('5'!$L:$M,הוצאות!$B11,'5'!$M:$M) -> 0 | H11: =SUMIF('6'!$L:$M,הוצאות!$B11,'6'!$M:$M) -> 0 | I11: =SUMIF('7'!$L:$M,הוצאות!$B11,'7'!$M:$M) -> 0 | J11: =SUMIF('8'!$L:$M,הוצאות!$B11,'8'!$M:$M) -> 0 | K11: =SUMIF('9'!$L:$M,הוצאות!$B11,'9'!$M:$M) -> 0 | L11: =SUMIF('10'!$L:$M,הוצאות!$B11,'10'!$M:$M) -> 0 | M11: =SUMIF('11'!$L:$M,הוצאות!$B11,'11'!$M:$M) -> 0 | N11: =SUMIF('12'!$L:$M,הוצאות!$B11,'12'!$M:$M) -> 0 | O11: =SUM(C11:N11) -> 0
B12: ילדים | C12: =SUMIF('1'!$L:$M,הוצאות!$B12,'1'!$M:$M) -> 0 | D12: =SUMIF('2'!$L:$M,הוצאות!$B12,'2'!$M:$M) -> 0 | E12: =SUMIF('3'!$L:$M,הוצאות!$B12,'3'!$M:$M) -> 658.77 | F12: =SUMIF('4'!$L:$M,הוצאות!$B12,'4'!$M:$M) -> 65 | G12: =SUMIF('5'!$L:$M,הוצאות!$B12,'5'!$M:$M) -> 1169.9 | H12: =SUMIF('6'!$L:$M,הוצאות!$B12,'6'!$M:$M) -> 799.9 | I12: =SUMIF('7'!$L:$M,הוצאות!$B12,'7'!$M:$M) -> 210 | J12: =SUMIF('8'!$L:$M,הוצאות!$B12,'8'!$M:$M) -> 0 | K12: =SUMIF('9'!$L:$M,הוצאות!$B12,'9'!$M:$M) -> 0 | L12: =SUMIF('10'!$L:$M,הוצאות!$B12,'10'!$M:$M) -> 0 | M12: =SUMIF('11'!$L:$M,הוצאות!$B12,'11'!$M:$M) -> 0 | N12: =SUMIF('12'!$L:$M,הוצאות!$B12,'12'!$M:$M) -> 0 | O12: =SUM(C12:N12) -> 2903.57
B13: מוצרי חשמל ותקשורת | C13: =SUMIF('1'!$L:$M,הוצאות!$B13,'1'!$M:$M) -> 1660.77 | D13: =SUMIF('2'!$L:$M,הוצאות!$B13,'2'!$M:$M) -> 392.1 | E13: =SUMIF('3'!$L:$M,הוצאות!$B13,'3'!$M:$M) -> 1527.46 | F13: =SUMIF('4'!$L:$M,הוצאות!$B13,'4'!$M:$M) -> 566.44 | G13: =SUMIF('5'!$L:$M,הוצאות!$B13,'5'!$M:$M) -> 404.12 | H13: =SUMIF('6'!$L:$M,הוצאות!$B13,'6'!$M:$M) -> 1671.3 | I13: =SUMIF('7'!$L:$M,הוצאות!$B13,'7'!$M:$M) -> 1003.93 | J13: =SUMIF('8'!$L:$M,הוצאות!$B13,'8'!$M:$M) -> 0 | K13: =SUMIF('9'!$L:$M,הוצאות!$B13,'9'!$M:$M) -> 0 | L13: =SUMIF('10'!$L:$M,הוצאות!$B13,'10'!$M:$M) -> 0 | M13: =SUMIF('11'!$L:$M,הוצאות!$B13,'11'!$M:$M) -> 0 | N13: =SUMIF('12'!$L:$M,הוצאות!$B13,'12'!$M:$M) -> 0 | O13: =SUM(C13:N13) -> 7226.12
B14: מזומן | C14: =SUMIF('1'!$L:$M,הוצאות!$B14,'1'!$M:$M) -> 0 | D14: =SUMIF('2'!$L:$M,הוצאות!$B14,'2'!$M:$M) -> 0 | E14: =SUMIF('3'!$L:$M,הוצאות!$B14,'3'!$M:$M) -> 0 | F14: =SUMIF('4'!$L:$M,הוצאות!$B14,'4'!$M:$M) -> 0 | G14: =SUMIF('5'!$L:$M,הוצאות!$B14,'5'!$M:$M) -> 0 | H14: =SUMIF('6'!$L:$M,הוצאות!$B14,'6'!$M:$M) -> 0 | I14: =SUMIF('7'!$L:$M,הוצאות!$B14,'7'!$M:$M) -> 0 | J14: =SUMIF('8'!$L:$M,הוצאות!$B14,'8'!$M:$M) -> 0 | K14: =SUMIF('9'!$L:$M,הוצאות!$B14,'9'!$M:$M) -> 0 | L14: =SUMIF('10'!$L:$M,הוצאות!$B14,'10'!$M:$M) -> 0 | M14: =SUMIF('11'!$L:$M,הוצאות!$B14,'11'!$M:$M) -> 0 | N14: =SUMIF('12'!$L:$M,הוצאות!$B14,'12'!$M:$M) -> 0 | O14: =SUM(C14:N14) -> 0
... B25: חיסכון (מיטב) | C25: =SUMIF('1'!$L:$M,הוצאות!$B25,'1'!$M:$M) -> 0 | D25: =SUMIF('2'!$L:$M,הוצאות!$B25,'2'!$M:$M) -> 0 | E25: =SUMIF('3'!$L:$M,הוצאות!$B25,'3'!$M:$M) -> 0 | F25: =SUMIF('4'!$L:$M,הוצאות!$B25,'4'!$M:$M) -> 0 | G25: =SUMIF('5'!$L:$M,הוצאות!$B25,'5'!$M:$M) -> 0 | H25: =SUMIF('6'!$L:$M,הוצאות!$B25,'6'!$M:$M) -> 0 | I25: =SUMIF('7'!$L:$M,הוצאות!$B25,'7'!$M:$M) -> 0 | J25: =SUMIF('8'!$L:$M,הוצאות!$B25,'8'!$M:$M) -> 0 | K25: =SUMIF('9'!$L:$M,הוצאות!$B25,'9'!$M:$M) -> 0 | L25: =SUMIF('10'!$L:$M,הוצאות!$B25,'10'!$M:$M) -> 0 | M25: =SUMIF('11'!$L:$M,הוצאות!$B25,'11'!$M:$M) -> 0 | N25: =SUMIF('12'!$L:$M,הוצאות!$B25,'12'!$M:$M) -> 0 | O25: =SUM(C25:N25) -> 0
B26: סה"כ אשראי | C26: =SUM(C2:C25) -> 22053.24 | D26: =SUM(D2:D25) -> 29652.09 | E26: =SUM(E2:E25) -> 23081.43 | F26: =SUM(F2:F25) -> 12148.5 | G26: =SUM(G2:G25) -> 18777.92 | H26: =SUM(H2:H25) -> 33935.07 | I26: =SUM(I2:I25) -> 16501.6 | J26: =SUM(J2:J25) -> 0 | ... N26: =SUM(N2:N25) -> 0 | O26: =SUM(C26:N26) -> 156149.85
A27: ידני | B27: ביגוד והנעלה | C27: ='הוצאות ידני'!B3 -> 0 | D27: ='הוצאות ידני'!C3 -> 0 | E27: ='הוצאות ידני'!D3 -> 0 | F27: ='הוצאות ידני'!E3 -> 0 | G27: ='הוצאות ידני'!F3 -> 0 | H27: ='הוצאות ידני'!G3 -> 0 | I27: ='הוצאות ידני'!H3 -> 0 | J27: ='הוצאות ידני'!I3 -> 0 | ... N27: ='הוצאות ידני'!M3 -> 0 | O27: =SUM(C27:N27) -> 0
B28: ביטוח | C28: ='הוצאות ידני'!B4 -> 0 | D28: ='הוצאות ידני'!C4 -> 0 | E28: ='הוצאות ידני'!D4 -> 0 | F28: ='הוצאות ידני'!E4 -> 0 | G28: ='הוצאות ידני'!F4 -> 0 | H28: ='הוצאות ידני'!G4 -> 0 | I28: ='הוצאות ידני'!H4 -> 0 | J28: ='הוצאות ידני'!I4 -> 0 | ... N28: ='הוצאות ידני'!M4 -> 0 | O28: =SUM(C28:N28) -> 0
B29: בילוי ומסעדות | C29: ='הוצאות ידני'!B5 -> 0 | D29: ='הוצאות ידני'!C5 -> 0 | E29: ='הוצאות ידני'!D5 -> 0 | F29: ='הוצאות ידני'!E5 -> 0 | G29: ='הוצאות ידני'!F5 -> 0 | H29: ='הוצאות ידני'!G5 -> 0 | I29: ='הוצאות ידני'!H5 -> 0 | J29: ='הוצאות ידני'!I5 -> 0 | ... N29: ='הוצאות ידני'!M5 -> 0 | O29: =SUM(C29:N29) -> 0
B30: בית וגן | C30: ='הוצאות ידני'!B6 -> 0 | D30: ='הוצאות ידני'!C6 -> 1907.83 | E30: ='הוצאות ידני'!D6 -> 0 | F30: ='הוצאות ידני'!E6 -> 1867.3 | G30: ='הוצאות ידני'!F6 -> 0 | H30: ='הוצאות ידני'!G6 -> 1763.43 | I30: ='הוצאות ידני'!H6 -> 0 | J30: ='הוצאות ידני'!I6 -> 1942.67 | ... N30: ='הוצאות ידני'!M6 -> 1962.73 | O30: =SUM(C30:N30) -> 11391.87
B31: בית ספר | C31: ='הוצאות ידני'!B7 -> 0 | D31: ='הוצאות ידני'!C7 -> 0 | E31: ='הוצאות ידני'!D7 -> 0 | F31: ='הוצאות ידני'!E7 -> 0 | G31: ='הוצאות ידני'!F7 -> 0 | H31: ='הוצאות ידני'!G7 -> 0 | I31: ='הוצאות ידני'!H7 -> 0 | J31: ='הוצאות ידני'!I7 -> 0 | ... N31: ='הוצאות ידני'!M7 -> 0 | O31: =SUM(C31:N31) -> 0
B32: בריאות | C32: ='הוצאות ידני'!B8 -> 0 | D32: ='הוצאות ידני'!C8 -> 0 | E32: ='הוצאות ידני'!D8 -> 0 | F32: ='הוצאות ידני'!E8 -> 0 | G32: ='הוצאות ידני'!F8 -> 0 | H32: ='הוצאות ידני'!G8 -> 0 | I32: ='הוצאות ידני'!H8 -> 0 | J32: ='הוצאות ידני'!I8 -> 0 | ... N32: ='הוצאות ידני'!M8 -> 0 | O32: =SUM(C32:N32) -> 0
B33: הלוואות ומשכנתא | C33: ='הוצאות ידני'!B9 -> 0 | D33: ='הוצאות ידני'!C9 -> 0 | E33: ='הוצאות ידני'!D9 -> 565 | F33: ='הוצאות ידני'!E9 -> 0 | G33: ='הוצאות ידני'!F9 -> 0 | H33: ='הוצאות ידני'!G9 -> 0 | I33: ='הוצאות ידני'!H9 -> 0 | J33: ='הוצאות ידני'!I9 -> 0 | ... N33: ='הוצאות ידני'!M9 -> 0 | O33: =SUM(C33:N33) -> 565
B34: חוגים | C34: ='הוצאות ידני'!B10 -> 200 | D34: ='הוצאות ידני'!C10 -> 200 | E34: ='הוצאות ידני'!D10 -> 200 | F34: ='הוצאות ידני'!E10 -> 200 | G34: ='הוצאות ידני'!F10 -> 200 | H34: ='הוצאות ידני'!G10 -> 200 | I34: ='הוצאות ידני'!H10 -> 200 | J34: ='הוצאות ידני'!I10 -> 0 | ... N34: ='הוצאות ידני'!M10 -> 200 | O34: =SUM(C34:N34) -> 2200
B35: חינוך ומשפחה | C35: ='הוצאות ידני'!B11 -> 0 | D35: ='הוצאות ידני'!C11 -> 0 | E35: ='הוצאות ידני'!D11 -> 0 | F35: ='הוצאות ידני'!E11 -> 0 | G35: ='הוצאות ידני'!F11 -> 0 | H35: ='הוצאות ידני'!G11 -> 0 | I35: ='הוצאות ידני'!H11 -> 0 | J35: ='הוצאות ידני'!I11 -> 0 | ... N35: ='הוצאות ידני'!M11 -> 0 | O35: =SUM(C35:N35) -> 0
B36: חיסכון | C36: ='הוצאות ידני'!B12 -> 1650.85 | D36: ='הוצאות ידני'!C12 -> 1671.32 | E36: ='הוצאות ידני'!D12 -> 1675.11 | F36: ='הוצאות ידני'!E12 -> 1652.74 | G36: ='הוצאות ידני'!F12 -> 1656.43 | H36: ='הוצאות ידני'!G12 -> 1650 | I36: ='הוצאות ידני'!H12 -> 1699.04 | J36: ='הוצאות ידני'!I12 -> 1650.85 | ... N36: ='הוצאות ידני'!M12 -> 1650 | O36: =SUM(C36:N36) -> 19907.19
B37: ילדים | C37: ='הוצאות ידני'!B13 -> 0 | D37: ='הוצאות ידני'!C13 -> 0 | E37: ='הוצאות ידני'!D13 -> 0 | F37: ='הוצאות ידני'!E13 -> 0 | G37: ='הוצאות ידני'!F13 -> 0 | H37: ='הוצאות ידני'!G13 -> 0 | I37: ='הוצאות ידני'!H13 -> 0 | J37: ='הוצאות ידני'!I13 -> 0 | ... N37: ='הוצאות ידני'!M13 -> 0 | O37: =SUM(C37:N37) -> 0
B38: מוצרי חשמל ותקשורת | C38: ='הוצאות ידני'!B14 -> 0 | D38: ='הוצאות ידני'!C14 -> 0 | E38: ='הוצאות ידני'!D14 -> 0 | F38: ='הוצאות ידני'!E14 -> 0 | G38: ='הוצאות ידני'!F14 -> 0 | H38: ='הוצאות ידני'!G14 -> 0 | I38: ='הוצאות ידני'!H14 -> 0 | J38: ='הוצאות ידני'!I14 -> 0 | ... N38: ='הוצאות ידני'!M14 -> 0 | O38: =SUM(C38:N38) -> 0
B39: מזומן | C39: ='הוצאות ידני'!B15 -> 0 | D39: ='הוצאות ידני'!C15 -> 0 | E39: ='הוצאות ידני'!D15 -> 0 | F39: ='הוצאות ידני'!E15 -> 0 | G39: ='הוצאות ידני'!F15 -> 0 | H39: ='הוצאות ידני'!G15 -> 0 | I39: ='הוצאות ידני'!H15 -> 0 | J39: ='הוצאות ידני'!I15 -> 0 | ... N39: ='הוצאות ידני'!M15 -> 0 | O39: =SUM(C39:N39) -> 0
... B42: מתנות ומזכרות | C42: ='הוצאות ידני'!B18 -> 0 | D42: ='הוצאות ידני'!C18 -> 0 | E42: ='הוצאות ידני'!D18 -> 0 | F42: ='הוצאות ידני'!E18 -> 0 | G42: ='הוצאות ידני'!F18 -> 0 | H42: ='הוצאות ידני'!G18 -> 0 | I42: ='הוצאות ידני'!H18 -> 0 | J42: ='הוצאות ידני'!I18 -> 0 | ... N42: ='הוצאות ידני'!M18 -> 0 | O42: =SUM(C42:N42) -> 0
B43: נופש | C43: ='הוצאות ידני'!B2 -> 0 | D43: ='הוצאות ידני'!C2 -> 0 | E43: ='הוצאות ידני'!D2 -> 0 | F43: ='הוצאות ידני'!E2 -> 0 | G43: ='הוצאות ידני'!F2 -> 0 | H43: ='הוצאות ידני'!G2 -> 0 | I43: ='הוצאות ידני'!H2 -> 0 | J43: ='הוצאות ידני'!I2 -> 0 | ... N43: ='הוצאות ידני'!M2 -> 0 | O43: =SUM(C43:N43) -> 0
B44: קניית דירה/ שכירות | C44: ='הוצאות ידני'!B19 -> 0 | D44: ='הוצאות ידני'!C19 -> 0 | E44: ='הוצאות ידני'!D19 -> 0 | F44: ='הוצאות ידני'!E19 -> 0 | G44: ='הוצאות ידני'!F19 -> 0 | H44: ='הוצאות ידני'!G19 -> 0 | I44: ='הוצאות ידני'!H19 -> 0 | J44: ='הוצאות ידני'!I19 -> 0 | ... N44: ='הוצאות ידני'!M19 -> 0 | O44: =SUM(C44:N44) -> 0
B45: רכב ותחבורה | C45: ='הוצאות ידני'!B20 -> 0 | D45: ='הוצאות ידני'!C20 -> 0 | E45: ='הוצאות ידני'!D20 -> 0 | F45: ='הוצאות ידני'!E20 -> 0 | G45: ='הוצאות ידני'!F20 -> 0 | H45: ='הוצאות ידני'!G20 -> 0 | I45: ='הוצאות ידני'!H20 -> 0 | J45: ='הוצאות ידני'!I20 -> 0 | ... N45: ='הוצאות ידני'!M20 -> 0 | O45: =SUM(C45:N45) -> 0
B46: שונות | C46: ='הוצאות ידני'!B21 -> 0 | D46: ='הוצאות ידני'!C21 -> 0 | E46: ='הוצאות ידני'!D21 -> 0 | F46: ='הוצאות ידני'!E21 -> 0 | G46: ='הוצאות ידני'!F21 -> 0 | H46: ='הוצאות ידני'!G21 -> 0 | I46: ='הוצאות ידני'!H21 -> 0 | J46: ='הוצאות ידני'!I21 -> 0 | ... N46: ='הוצאות ידני'!M21 -> 0 | O46: =SUM(C46:N46) -> 0
B47: שירותי בנקאות | C47: ='הוצאות ידני'!B22 -> 0 | D47: ='הוצאות ידני'!C22 -> 0 | E47: ='הוצאות ידני'!D22 -> 0 | F47: ='הוצאות ידני'!E22 -> 0 | G47: ='הוצאות ידני'!F22 -> 0 | H47: ='הוצאות ידני'!G22 -> 0 | I47: ='הוצאות ידני'!H22 -> 0 | J47: ='הוצאות ידני'!I22 -> 0 | ... N47: ='הוצאות ידני'!M22 -> 0 | O47: =SUM(C47:N47) -> 0
B48: תרבות ופנאי | C48: ='הוצאות ידני'!B23 -> 0 | D48: ='הוצאות ידני'!C23 -> 0 | E48: ='הוצאות ידני'!D23 -> 0 | F48: ='הוצאות ידני'!E23 -> 0 | G48: ='הוצאות ידני'!F23 -> 0 | H48: ='הוצאות ידני'!G23 -> 0 | I48: ='הוצאות ידני'!H23 -> 0 | J48: ='הוצאות ידני'!I23 -> 0 | ... N48: ='הוצאות ידני'!M23 -> 0 | O48: =SUM(C48:N48) -> 0
B49: השקעות (בנק) | C49: ='הוצאות ידני'!B24 -> 0 | D49: ='הוצאות ידני'!C24 -> 22000 | E49: ='הוצאות ידני'!D24 -> 0 | F49: ='הוצאות ידני'!E24 -> 0 | G49: ='הוצאות ידני'!F24 -> 40000 | H49: ='הוצאות ידני'!G24 -> 15000 | I49: ='הוצאות ידני'!H24 -> 23000 | J49: ='הוצאות ידני'!I24 -> 0 | ... N49: ='הוצאות ידני'!M24 -> 0 | O49: =SUM(C49:N49) -> 100000
B50: חיסכון (בנק) | C50: ='הוצאות ידני'!B25 -> 0 | D50: ='הוצאות ידני'!C25 -> 0 | E50: ='הוצאות ידני'!D25 -> 0 | F50: ='הוצאות ידני'!E25 -> 0 | G50: ='הוצאות ידני'!F25 -> 0 | H50: ='הוצאות ידני'!G25 -> 0 | I50: ='הוצאות ידני'!H25 -> 0 | J50: ='הוצאות ידני'!I25 -> 0 | ... N50: ='הוצאות ידני'!M25 -> 0 | O50: =SUM(C50:N50) -> 0
B51: חיסכון (מיטב) | C51: ='הוצאות ידני'!B26 -> 0 | D51: ='הוצאות ידני'!C26 -> 0 | E51: ='הוצאות ידני'!D26 -> 0 | F51: ='הוצאות ידני'!E26 -> 0 | G51: ='הוצאות ידני'!F26 -> 0 | H51: ='הוצאות ידני'!G26 -> 5000 | I51: ='הוצאות ידני'!H26 -> 0 | J51: ='הוצאות ידני'!I26 -> 0 | ... N51: ='הוצאות ידני'!M26 -> 0 | O51: =SUM(C51:N51) -> 5000
B52: סה"כ ידני | C52: =SUM(C27:C51) -> 3000.85 | D52: =SUM(D27:D51) -> 26929.15 | E52: =SUM(E27:E51) -> 3590.11 | F52: =SUM(F27:F51) -> 4870.04 | G52: =SUM(G27:G51) -> 43006.43 | H52: =SUM(H27:H51) -> 24763.43 | I52: =SUM(I27:I51) -> 26049.04 | J52: =SUM(J27:J51) -> 4743.52 | ... N52: =SUM(N27:N51) -> 3812.73 | O52: =SUM(C52:N52) -> 153964.06
A53: סה"כ הוצאות | B53: ביגוד והנעלה | C53: =C27+C2 -> 0 | D53: =D27+D2 -> 1980.4 | E53: =E27+E2 -> 115 | F53: =F27+F2 -> 0 | G53: =G27+G2 -> 212.4 | H53: =H27+H2 -> 0 | I53: =I27+I2 -> 50 | J53: =J27+J2 -> 0 | ... N53: =N27+N2 -> 0 | O53: =SUM(C53:N53) -> 2357.8
B54: ביטוח | C54: =C28+C3 -> 553.75 | D54: =D28+D3 -> 711.4 | E54: =E28+E3 -> 998.23 | F54: =F28+F3 -> 1216.34 | G54: =G28+G3 -> 1220.08 | H54: =H28+H3 -> 697.03 | I54: =I28+I3 -> 732.46 | J54: =J28+J3 -> 0 | ... N54: =N28+N3 -> 0 | O54: =SUM(C54:N54) -> 6129.29
B55: בילוי ומסעדות | C55: =C29+C4 -> 70 | D55: =D29+D4 -> 861 | E55: =E29+E4 -> 272 | F55: =F29+F4 -> 49 | G55: =G29+G4 -> 0 | H55: =H29+H4 -> 1135 | I55: =I29+I4 -> 141.4 | J55: =J29+J4 -> 0 | ... N55: =N29+N4 -> 0 | O55: =SUM(C55:N55) -> 2528.4
B56: בית וגן | C56: =C30+C5 -> 946.49 | D56: =D30+D5 -> 2530.19 | E56: =E30+E5 -> 1053.62 | F56: =F30+F5 -> 2391.62 | G56: =G30+G5 -> 486.5 | H56: =H30+H5 -> 2366.79 | I56: =I30+I5 -> 997.33 | J56: =J30+J5 -> 1942.67 | ... N56: =N30+N5 -> 1962.73 | O56: =SUM(C56:N56) -> 16625.85
B57: בית ספר | C57: =C31+C6 -> 750 | D57: =D31+D6 -> 746 | E57: =E31+E6 -> 746 | F57: =F31+F6 -> 746 | G57: =G31+G6 -> 0 | H57: =H31+H6 -> 0 | I57: =I31+I6 -> 0 | J57: =J31+J6 -> 0 | ... N57: =N31+N6 -> 0 | O57: =SUM(C57:N57) -> 2988
B58: בריאות | C58: =C32+C7 -> 413.41 | D58: =D32+D7 -> 862.43 | E58: =E32+E7 -> 674.51 | F58: =F32+F7 -> 549.65 | G58: =G32+G7 -> 265.42 | H58: =H32+H7 -> 1641.86 | I58: =I32+I7 -> 493.64 | J58: =J32+J7 -> 0 | ... N58: =N32+N7 -> 0 | O58: =SUM(C58:N58) -> 4900.92
B59: הלוואות ומשכנתא | C59: =C33+C8 -> 0 | D59: =D33+D8 -> 0 | E59: =E33+E8 -> 565 | F59: =F33+F8 -> 0 | G59: =G33+G8 -> 0 | H59: =H33+H8 -> 0 | I59: =I33+I8 -> 0 | J59: =J33+J8 -> 0 | ... N59: =N33+N8 -> 0 | O59: =SUM(C59:N59) -> 565
B60: חוגים | C60: =C34+C9 -> 1855 | D60: =D34+D9 -> 2175 | E60: =E34+E9 -> 2865 | F60: =F34+F9 -> 1080 | G60: =G34+G9 -> 9091 | H60: =H34+H9 -> 1510 | I60: =I34+I9 -> 1070 | J60: =J34+J9 -> 0 | ... N60: =N34+N9 -> 200 | O60: =SUM(C60:N60) -> 20446
B61: חינוך ומשפחה | C61: =C35+C10 -> 0 | D61: =D35+D10 -> 5250 | E61: =E35+E10 -> 5250 | F61: =F35+F10 -> 0 | G61: =G35+G10 -> 0 | H61: =H35+H10 -> 0 | I61: =I35+I10 -> 0 | J61: =J35+J10 -> 0 | ... N61: =N35+N10 -> 0 | O61: =SUM(C61:N61) -> 10500
B62: חיסכון | C62: =C36+C11 -> 1650.85 | D62: =D36+D11 -> 1671.32 | E62: =E36+E11 -> 1675.11 | F62: =F36+F11 -> 1652.74 | G62: =G36+G11 -> 1656.43 | H62: =H36+H11 -> 1650 | I62: =I36+I11 -> 1699.04 | J62: =J36+J11 -> 1650.85 | ... N62: =N36+N11 -> 1650 | O62: =SUM(C62:N62) -> 19907.19
B63: ילדים | C63: =C37+C12 -> 0 | D63: =D37+D12 -> 0 | E63: =E37+E12 -> 658.77 | F63: =F37+F12 -> 65 | G63: =G37+G12 -> 1169.9 | H63: =H37+H12 -> 799.9 | I63: =I37+I12 -> 210 | J63: =J37+J12 -> 0 | ... N63: =N37+N12 -> 0 | O63: =SUM(C63:N63) -> 2903.57
B64: מוצרי חשמל ותקשורת | C64: =C38+C13 -> 1660.77 | D64: =D38+D13 -> 392.1 | E64: =E38+E13 -> 1527.46 | F64: =F38+F13 -> 566.44 | G64: =G38+G13 -> 404.12 | H64: =H38+H13 -> 1671.3 | I64: =I38+I13 -> 1003.93 | J64: =J38+J13 -> 0 | ... N64: =N38+N13 -> 0 | O64: =SUM(C64:N64) -> 7226.12
B65: מזומן | C65: =C39+C14 -> 0 | D65: =D39+D14 -> 0 | E65: =E39+E14 -> 0 | F65: =F39+F14 -> 0 | G65: =G39+G14 -> 0 | H65: =H39+H14 -> 0 | I65: =I39+I14 -> 0 | J65: =J39+J14 -> 0 | ... N65: =N39+N14 -> 0 | O65: =SUM(C65:N65) -> 0
... B68: מתנות ומזכרות | C68: =C42+C17 -> 270 | D68: =D42+D17 -> 741.4 | E68: =E42+E17 -> 1576.9 | F68: =F42+F17 -> 602.07 | G68: =G42+G17 -> 228.71 | H68: =H42+H17 -> 1971.72 | I68: =I42+I17 -> 539.07 | J68: =J42+J17 -> 0 | ... N68: =N42+N17 -> 0 | O68: =SUM(C68:N68) -> 5929.87
B69: קניית דירה/ שכירות | C69: =C44+C19 -> 0 | D69: =D44+D19 -> 0 | E69: =E44+E19 -> 0 | F69: =F44+F19 -> 0 | G69: =G44+G19 -> 0 | H69: =H44+H19 -> 0 | I69: =I44+I19 -> 0 | J69: =J44+J19 -> 0 | ... N69: =N44+N19 -> 0 | O69: =SUM(C69:N69) -> 0
B70: נופש | C70: =C43+C18 -> 9389.3 | D70: =D43+D18 -> 9429.2 | E70: =E43+E18 -> 885.94 | F70: =F43+F18 -> 964.8 | G70: =G43+G18 -> 49 | H70: =H43+H18 -> 16128.23 | I70: =I43+I18 -> 2753.01 | J70: =J43+J18 -> 0 | ... N70: =N43+N18 -> 0 | O70: =SUM(C70:N70) -> 39599.48
B71: רכב ותחבורה | C71: =C45+C20 -> 866.43 | D71: =D45+D20 -> 669.2 | E71: =E45+E20 -> 967.1 | F71: =F45+F20 -> 59.7 | G71: =G45+G20 -> 2442.79 | H71: =H45+H20 -> 3229.6 | I71: =I45+I20 -> 3472.57 | J71: =J45+J20 -> 0 | ... N71: =N45+N20 -> 0 | O71: =SUM(C71:N71) -> 11707.39
B72: שונות | C72: =C46+C21 -> 30 | D72: =D46+D21 -> 30 | E72: =E46+E21 -> 30.19 | F72: =F46+F21 -> 30 | G72: =G46+G21 -> 30 | H72: =H46+H21 -> 30 | I72: =I46+I21 -> 30 | J72: =J46+J21 -> 0 | ... N72: =N46+N21 -> 0 | O72: =SUM(C72:N72) -> 210.19
B73: שירותי בנקאות | C73: =C47+C22 -> 0 | D73: =D47+D22 -> 0 | E73: =E47+E22 -> 0 | F73: =F47+F22 -> 0 | G73: =G47+G22 -> 0 | H73: =H47+H22 -> 0 | I73: =I47+I22 -> 0 | J73: =J47+J22 -> 0 | ... N73: =N47+N22 -> 0 | O73: =SUM(C73:N73) -> 0
B74: תרבות ופנאי | C74: =C48+C23 -> 0 | D74: =D48+D23 -> 0 | E74: =E48+E23 -> 244.9 | F74: =F48+F23 -> 0 | G74: =G48+G23 -> 0 | H74: =H48+H23 -> 0 | I74: =I48+I23 -> 0 | J74: =J48+J23 -> 0 | ... O74: =O48+O23 -> 244.9
B75: השקעות (בנק) | C75: =C49+C24 -> 0 | D75: =D49+D24 -> 22000 | E75: =E49+E24 -> 0 | F75: =F49+F24 -> 0 | G75: =G49+G24 -> 40000 | H75: =H49+H24 -> 15000 | I75: =I49+I24 -> 23000 | J75: =J49+J24 -> 0 | ... O75: =O49+O24 -> 100000
B76: חיסכון (בנק) | C76: =C50+C25 -> 0 | D76: =D50+D25 -> 0 | E76: =E50+E25 -> 0 | F76: =F50+F25 -> 0 | G76: =G50+G25 -> 0 | H76: =H50+H25 -> 0 | I76: =I50+I25 -> 0 | J76: =J50+J25 -> 0 | ... O76: =O50+O25 -> 0
B77: חיסכון (מיטב) | C77: =C51+C25 -> 0 | D77: =D51+D25 -> 0 | E77: =E51+E25 -> 0 | F77: =F51+F25 -> 0 | G77: =G51+G25 -> 0 | H77: =H51+H25 -> 5000 | I77: =I51+I25 -> 0 | J77: =J51+J25 -> 0 | ... O77: =O51+O25 -> 5000
B78: סה"כ הוצאות | C78: =SUM(C53:C77) -> 25054.09 | D78: =SUM(D53:D77) -> 56581.24 | E78: =SUM(E53:E77) -> 26671.54 | F78: =SUM(F53:F77) -> 17018.54 | G78: =SUM(G53:G77) -> 61784.35 | H78: =SUM(H53:H77) -> 58698.5 | I78: =SUM(I53:I77) -> 42550.64 | J78: =SUM(J53:J77) -> 4743.52 | ... N78: =SUM(N53:N77) -> 3812.73 | O78: =SUM(C78:N78) -> 310113.91
A79: באחוזים | B79: ביגוד והנעלה | C79: =IF(C53*C$78=0,0,C53/C$78) -> 0 | D79: =IF(D53*D$78=0,0,D53/D$78) -> 0.035001 | E79: =IF(E53*E$78=0,0,E53/E$78) -> 0.004311712 | F79: =IF(F53*F$78=0,0,F53/F$78) -> 0 | G79: =IF(G53*G$78=0,0,G53/G$78) -> 0.0034377638 | H79: =IF(H53*H$78=0,0,H53/H$78) -> 0 | I79: =IF(I53*I$78=0,0,I53/I$78) -> 0.0011750705 | J79: =IF(J53*J$78=0,0,J53/J$78) -> 0 | ... O79: =IF(O53*O$78=0,0,O53/O$78) -> 0.0076030127
B80: ביטוח | C80: =IF(C54*C$78=0,0,C54/C$78) -> 0.02210218 | D80: =IF(D54*D$78=0,0,D54/D$78) -> 0.012573072 | E80: =IF(E54*E$78=0,0,E54/E$78) -> 0.037426785 | F80: =IF(F54*F$78=0,0,F54/F$78) -> 0.071471466 | G80: =IF(G54*G$78=0,0,G54/G$78) -> 0.019747396 | H80: =IF(H54*H$78=0,0,H54/H$78) -> 0.01187475 | I80: =IF(I54*I$78=0,0,I54/I$78) -> 0.017213842 | J80: =IF(J54*J$78=0,0,J54/J$78) -> 0 | ... O80: =IF(O54*O$78=0,0,O54/O$78) -> 0.019764641
B81: בילוי ומסעדות | C81: =IF(C55*C$78=0,0,C55/C$78) -> 0.002793955 | D81: =IF(D55*D$78=0,0,D55/D$78) -> 0.015217058 | E81: =IF(E55*E$78=0,0,E55/E$78) -> 0.010198136 | F81: =IF(F55*F$78=0,0,F55/F$78) -> 0.0028792129 | G81: =IF(G55*G$78=0,0,G55/G$78) -> 0 | H81: =IF(H55*H$78=0,0,H55/H$78) -> 0.019336099 | I81: =IF(I55*I$78=0,0,I55/I$78) -> 0.0033230993 | J81: =IF(J55*J$78=0,0,J55/J$78) -> 0 | ... O81: =IF(O55*O$78=0,0,O55/O$78) -> 0.0081531332
B82: בית וגן | C82: =IF(C56*C$78=0,0,C56/C$78) -> 0.037777864 | D82: =IF(D56*D$78=0,0,D56/D$78) -> 0.044717825 | E82: =IF(E56*E$78=0,0,E56/E$78) -> 0.039503531 | F82: =IF(F56*F$78=0,0,F56/F$78) -> 0.14053027 | G82: =IF(G56*G$78=0,0,G56/G$78) -> 0.0078741623 | H82: =IF(H56*H$78=0,0,H56/H$78) -> 0.040321133 | I82: =IF(I56*I$78=0,0,I56/I$78) -> 0.02343866 | J82: =IF(J56*J$78=0,0,J56/J$78) -> 0.40954186 | ... O82: =IF(O56*O$78=0,0,O56/O$78) -> 0.053612074
B83: בית ספר | C83: =IF(C57*C$78=0,0,C57/C$78) -> 0.029935232 | D83: =IF(D57*D$78=0,0,D57/D$78) -> 0.013184582 | E83: =IF(E57*E$78=0,0,E57/E$78) -> 0.027969889 | F83: =IF(F57*F$78=0,0,F57/F$78) -> 0.043834547 | G83: =IF(G57*G$78=0,0,G57/G$78) -> 0 | H83: =IF(H57*H$78=0,0,H57/H$78) -> 0 | I83: =IF(I57*I$78=0,0,I57/I$78) -> 0 | J83: =IF(J57*J$78=0,0,J57/J$78) -> 0 | ... O83: =IF(O57*O$78=0,0,O57/O$78) -> 0.0096351692
B84: בריאות | C84: =IF(C58*C$78=0,0,C58/C$78) -> 0.016500699 | D84: =IF(D58*D$78=0,0,D58/D$78) -> 0.015242331 | E84: =IF(E58*E$78=0,0,E58/E$78) -> 0.025289503 | F84: =IF(F58*F$78=0,0,F58/F$78) -> 0.03229713 | G84: =IF(G58*G$78=0,0,G58/G$78) -> 0.0042959099 | H84: =IF(H58*H$78=0,0,H58/H$78) -> 0.027971073 | I84: =IF(I58*I$78=0,0,I58/I$78) -> 0.011601236 | J84: =IF(J58*J$78=0,0,J58/J$78) -> 0 | ... O84: =IF(O58*O$78=0,0,O58/O$78) -> 0.015803612
B85: הלוואות ומשכנתא | C85: =IF(C59*C$78=0,0,C59/C$78) -> 0 | D85: =IF(D59*D$78=0,0,D59/D$78) -> 0 | E85: =IF(E59*E$78=0,0,E59/E$78) -> 0.021183629 | F85: =IF(F59*F$78=0,0,F59/F$78) -> 0 | G85: =IF(G59*G$78=0,0,G59/G$78) -> 0 | H85: =IF(H59*H$78=0,0,H59/H$78) -> 0 | I85: =IF(I59*I$78=0,0,I59/I$78) -> 0 | J85: =IF(J59*J$78=0,0,J59/J$78) -> 0 | ... O85: =IF(O59*O$78=0,0,O59/O$78) -> 0.0018219112
B86: חוגים | C86: =IF(C60*C$78=0,0,C60/C$78) -> 0.074039807 | D86: =IF(D60*D$78=0,0,D60/D$78) -> 0.038440303 | E86: =IF(E60*E$78=0,0,E60/E$78) -> 0.10741787 | F86: =IF(F60*F$78=0,0,F60/F$78) -> 0.063460203 | G86: =IF(G60*G$78=0,0,G60/G$78) -> 0.14714082 | H86: =IF(H60*H$78=0,0,H60/H$78) -> 0.025724678 | I86: =IF(I60*I$78=0,0,I60/I$78) -> 0.025146508 | J86: =IF(J60*J$78=0,0,J60/J$78) -> 0 | ... O86: =IF(O60*O$78=0,0,O60/O$78) -> 0.065930612
B87: חינוך ומשפחה | C87: =IF(C61*C$78=0,0,C61/C$78) -> 0 | D87: =IF(D61*D$78=0,0,D61/D$78) -> 0.092786938 | E87: =IF(E61*E$78=0,0,E61/E$78) -> 0.19683903 | F87: =IF(F61*F$78=0,0,F61/F$78) -> 0 | G87: =IF(G61*G$78=0,0,G61/G$78) -> 0 | H87: =IF(H61*H$78=0,0,H61/H$78) -> 0 | I87: =IF(I61*I$78=0,0,I61/I$78) -> 0 | J87: =IF(J61*J$78=0,0,J61/J$78) -> 0 | ... O87: =IF(O61*O$78=0,0,O61/O$78) -> 0.033858526
B88: חיסכון | C88: =IF(C62*C$78=0,0,C62/C$78) -> 0.065891437 | D88: =IF(D62*D$78=0,0,D62/D$78) -> 0.029538412 | E88: =IF(E62*E$78=0,0,E62/E$78) -> 0.062805147 | F88: =IF(F62*F$78=0,0,F62/F$78) -> 0.097114089 | G88: =IF(G62*G$78=0,0,G62/G$78) -> 0.026809864 | H88: =IF(H62*H$78=0,0,H62/H$78) -> 0.028109747 | I88: =IF(I62*I$78=0,0,I62/I$78) -> 0.039929834 | J88: =IF(J62*J$78=0,0,J62/J$78) -> 0.34802214 | ... O88: =IF(O62*O$78=0,0,O62/O$78) -> 0.064193154
B89: ילדים | C89: =IF(C63*C$78=0,0,C63/C$78) -> 0 | D89: =IF(D63*D$78=0,0,D63/D$78) -> 0 | E89: =IF(E63*E$78=0,0,E63/E$78) -> 0.024699361 | F89: =IF(F63*F$78=0,0,F63/F$78) -> 0.0038193641 | G89: =IF(G63*G$78=0,0,G63/G$78) -> 0.018935216 | H89: =IF(H63*H$78=0,0,H63/H$78) -> 0.013627265 | I89: =IF(I63*I$78=0,0,I63/I$78) -> 0.0049352959 | J89: =IF(J63*J$78=0,0,J63/J$78) -> 0 | ... O89: =IF(O63*O$78=0,0,O63/O$78) -> 0.0093629144
B90: מוצרי חשמל ותקשורת | C90: =IF(C64*C$78=0,0,C64/C$78) -> 0.066287381 | D90: =IF(D64*D$78=0,0,D64/D$78) -> 0.0069298587 | E90: =IF(E64*E$78=0,0,E64/E$78) -> 0.057269284 | F90: =IF(F64*F$78=0,0,F64/F$78) -> 0.033283701 | G90: =IF(G64*G$78=0,0,G64/G$78) -> 0.0065408149 | H90: =IF(H64*H$78=0,0,H64/H$78) -> 0.028472619 | I90: =IF(I64*I$78=0,0,I64/I$78) -> 0.02359377 | J90: =IF(J64*J$78=0,0,J64/J$78) -> 0 | ... O90: =IF(O64*O$78=0,0,O64/O$78) -> 0.023301502
B91: מזומן | C91: =IF(C65*C$78=0,0,C65/C$78) -> 0 | D91: =IF(D65*D$78=0,0,D65/D$78) -> 0 | E91: =IF(E65*E$78=0,0,E65/E$78) -> 0 | F91: =IF(F65*F$78=0,0,F65/F$78) -> 0 | G91: =IF(G65*G$78=0,0,G65/G$78) -> 0 | H91: =IF(H65*H$78=0,0,H65/H$78) -> 0 | I91: =IF(I65*I$78=0,0,I65/I$78) -> 0 | J91: =IF(J65*J$78=0,0,J65/J$78) -> 0 | ... O91: =IF(O65*O$78=0,0,O65/O$78) -> 0
... B104: סה"כ הוצאות | C104: =IF(C78*C$78=0,0,C78/C$78) -> 1 | D104: =IF(D78*D$78=0,0,D78/D$78) -> 1 | E104: =IF(E78*E$78=0,0,E78/E$78) -> 1 | F104: =IF(F78*F$78=0,0,F78/F$78) -> 1 | G104: =IF(G78*G$78=0,0,G78/G$78) -> 1 | H104: =IF(H78*H$78=0,0,H78/H$78) -> 1 | I104: =IF(I78*I$78=0,0,I78/I$78) -> 1 | J104: =IF(J78*J$78=0,0,J78/J$78) -> 1 | ... O104: =IF(O78*O$78=0,0,O78/O$78) -> 1

Sheet הוצאות ידני
A1: סוג הוצאה | B1: ינואר | C1: פברואר | D1: מרץ | E1: אפריל | F1: מאי | G1: יוני | H1: יולי | I1: אוגוסט | J1: ספטמבר | K1: אוקטובר | L1: נובמבר | M1: דצמבר | N1: סה"כ
A2: נופש | N2: =SUM(B2:M2) -> 0
A3: ביגוד והנעלה | N3: =SUM(B3:M3) -> 0
A4: ביטוח | N4: =SUM(B4:M4) -> 0
A5: בילוי ומסעדות | N5: =SUM(B5:M5) -> 0
A6: בית וגן | C6: =1715.1+192.73 -> 1907.83 | E6: =1707.1+160.2 -> 1867.3 | G6: =1602.9+160.53 -> 1763.43 | I6: =1711.2+231.47 -> 1942.67 | K6: =1711.2+236.71 -> 1947.91 | M6: =1728.6+234.13 -> 1962.73 | N6: =SUM(B6:M6) -> 11391.87
A7: בית ספר | N7: =SUM(B7:M7) -> 0
A8: בריאות | N8: =SUM(B8:M8) -> 0
A9: הלוואות ומשכנתא | D9: 565 | N9: =SUM(B9:M9) -> 565
A10: חוגים | B10: =200 -> 200 | C10: =200 -> 200 | D10: =200 -> 200 | E10: =200 -> 200 | F10: =200 -> 200 | G10: =200 -> 200 | H10: =200 -> 200 | J10: =200 -> 200 | K10: =200 -> 200 | L10: =200 -> 200 | M10: =200 -> 200 | N10: =SUM(B10:M10) -> 2200
A11: חינוך ומשפחה | N11: =SUM(B11:M11) -> 0
A12: חיסכון | B12: =650.85+1000 -> 1650.85 | C12: =671.32+1000 -> 1671.32 | D12: =675.11+1000 -> 1675.11 | E12: =652.74+1000 -> 1652.74 | F12: =656.43+1000 -> 1656.43 | G12: =650+1000 -> 1650 | H12: =699.04+1000 -> 1699.04 | I12: =650.85+1000 -> 1650.85 | J12: =650+1000 -> 1650 | K12: =650.85+1000 -> 1650.85 | L12: =650+1000 -> 1650 | M12: =650+1000 -> 1650 | N12: =SUM(B12:M12) -> 19907.19
A13: ילדים | N13: =SUM(B13:M13) -> 0
A14: מוצרי חשמל ותקשורת | N14: =SUM(B14:M14) -> 0
A15: מזומן | N15: =SUM(B15:M15) -> 0
A16: מזון ומשקאות | N16: =SUM(B16:M16) -> 0
A17: שכירות דירה | B17: 1150 | C17: 1150 | D17: 1150 | E17: 1150 | F17: 1150 | G17: 1150 | H17: 1150 | I17: 1150 | J17: 2850 | L17: 2850 | N17: =SUM(B17:M17) -> 14900
A18: מתנות ומזכרות | N18: =SUM(B18:M18) -> 0
A19: קניית דירה/ שכירות | N19: =SUM(B19:M19) -> 0
A20: רכב ותחבורה | N20: =SUM(B20:M20) -> 0
A21: שונות | N21: =SUM(B21:M21) -> 0
A22: שירותי בנקאות | N22: =SUM(B22:M22) -> 0
A23: תרבות ופנאי | N23: =SUM(B23:M23) -> 0
A24: השקעות (בנק) | C24: 22000 | F24: 40000 | G24: 15000 | H24: 23000 | N24: =SUM(B24:M24) -> 100000
A25: חיסכון (בנק) | N25: 0
A26: חיסכון (מיטב) | G26: 5000 | N26: =SUM(B26:M26) -> 5000
A27: סה"כ הוצאות ידני | B27: =SUM(B2:B26) -> 3000.85 | C27: =SUM(C2:C26) -> 26929.15 | D27: =SUM(D2:D26) -> 3590.11 | E27: =SUM(E2:E26) -> 4870.04 | F27: =SUM(F2:F26) -> 43006.43 | G27: =SUM(G2:G26) -> 24763.43 | H27: =SUM(H2:H26) -> 26049.04 | I27: =SUM(I2:I26) -> 4743.52 | ... M27: =SUM(M2:M26) -> 3812.73 | N27: =SUM(B27:M27) -> 153964.06

Sheet 1
A1: כרטיס | B1: בית עסק | C1: תאריך עסקה | D1: סכום העסקה | E1: מנפיק | F1: סוג העסקה | G1: פירוט | H1: תאריך החיוב | I1: סכום לחיוב | J1: פירוט נוסף | K1: סוג כרטיס | L1: סוג הוצאה | M1: סכום הוצאה | N1: הערות פנימיות
A2: ויזה 7520 | B2: בריין בינה בעמ | C2: 31/12/2025 | D2: 37 | E2: כאל | F2: ישראל | H2: 02/01/2026 | I2: 37 | K2: =IF(A2>0,VLOOKUP(A2,טבלאות!$J:$K,2,0),"") -> אשראי מיכה | L2: =IF(ISERROR(VLOOKUP(B2,טבלאות!$G:$H,2,0)),"",VLOOKUP(B2,טבלאות!$G:$H,2,0)) -> מוצרי חשמל ותקשורת | M2: =IF(OR(L2="",L2="?"),"",IF(L2>0,I2,"")) -> 37
A3: ויזה 7520 | B3: PAYPAL *NETFLIX COM | C3: 30/12/2025 | D3: 69.9 | E3: כאל | F3: חו"ל | G3: הוראת קבע הולנד . מזהה כרטיס אינטרנט 4470 | H3: 02/01/2026 | I3: 69.9 | K3: =IF(A3>0,VLOOKUP(A3,טבלאות!$J:$K,2,0),"") -> אשראי מיכה | L3: =IF(ISERROR(VLOOKUP(B3,טבלאות!$G:$H,2,0)),"",VLOOKUP(B3,טבלאות!$G:$H,2,0)) -> מוצרי חשמל ותקשורת | M3: =IF(OR(L3="",L3="?"),"",IF(L3>0,I3,"")) -> 69.9
A4: ויזה 7520 | B4: גליקסמן שיווק ביצים | C4: 30/12/2025 | D4: 72 | E4: כאל | F4: ישראל | H4: 02/01/2026 | I4: 72 | K4: =IF(A4>0,VLOOKUP(A4,טבלאות!$J:$K,2,0),"") -> אשראי מיכה | L4: =IF(ISERROR(VLOOKUP(B4,טבלאות!$G:$H,2,0)),"",VLOOKUP(B4,טבלאות!$G:$H,2,0)) -> מזון ומשקאות | M4: =IF(OR(L4="",L4="?"),"",IF(L4>0,I4,"")) -> 72
A5: ויזה 7520 | B5: מ. יוחננוף ובניו- רחובות | C5: 30/12/2025 | D5: 1050.03 | E5: כאל | F5: ישראל | H5: 02/01/2026 | I5: 1050.03 | K5: =IF(A5>0,VLOOKUP(A5,טבלאות!$J:$K,2,0),"") -> אשראי מיכה | L5: =IF(ISERROR(VLOOKUP(B5,טבלאות!$G:$H,2,0)),"",VLOOKUP(B5,טבלאות!$G:$H,2,0)) -> מזון ומשקאות | M5: =IF(OR(L5="",L5="?"),"",IF(L5>0,I5,"")) -> 1050.03
A6: ויזה 3669 | B6: דלק מנטה קמעונאות דרכים ב | C6: 30/12/2025 | D6: 233.28 | E6: כאל | F6: ישראל | H6: 02/01/2026 | I6: 233.28 | K6: =IF(A6>0,VLOOKUP(A6,טבלאות!$J:$K,2,0),"") -> אשראי אורנה | L6: =IF(ISERROR(VLOOKUP(B6,טבלאות!$G:$H,2,0)),"",VLOOKUP(B6,טבלאות!$G:$H,2,0)) -> רכב ותחבורה | M6: =IF(OR(L6="",L6="?"),"",IF(L6>0,I6,"")) -> 233.28
A7: ויזה 7520 | B7: גולן טלקום | C7: 29/12/2025 | D7: 310.82 | E7: כאל | F7: ישראל | G7: הוראת קבע | H7: 02/01/2026 | I7: 310.82 | K7: =IF(A7>0,VLOOKUP(A7,טבלאות!$J:$K,2,0),"") -> אשראי מיכה | L7: =IF(ISERROR(VLOOKUP(B7,טבלאות!$G:$H,2,0)),"",VLOOKUP(B7,טבלאות!$G:$H,2,0)) -> מוצרי חשמל ותקשורת | M7: =IF(OR(L7="",L7="?"),"",IF(L7>0,I7,"")) -> 310.82
A8: ויזה 7520 | B8: דוכן הפרדסן מקס איט ניכיו | C8: 29/12/2025 | D8: 48.66 | E8: כאל | F8: ישראל | H8: 02/01/2026 | I8: 48.66 | K8: =IF(A8>0,VLOOKUP(A8,טבלאות!$J:$K,2,0),"") -> אשראי מיכה | L8: =IF(ISERROR(VLOOKUP(B8,טבלאות!$G:$H,2,0)),"",VLOOKUP(B8,טבלאות!$G:$H,2,0)) -> מזון ומשקאות | M8: =IF(OR(L8="",L8="?"),"",IF(L8>0,I8,"")) -> 48.66
A9: ויזה 7520 | B9: נאייקס ישראל חניונים | C9: 28/12/2025 | D9: 35 | E9: כאל | F9: ישראל | H9: 02/01/2026 | I9: 35 | K9: =IF(A9>0,VLOOKUP(A9,טבלאות!$J:$K,2,0),"") -> אשראי מיכה | L9: =IF(ISERROR(VLOOKUP(B9,טבלאות!$G:$H,2,0)),"",VLOOKUP(B9,טבלאות!$G:$H,2,0)) -> רכב ותחבורה | M9: =IF(OR(L9="",L9="?"),"",IF(L9>0,I9,"")) -> 35
A10: ויזה 3669 | B10: ביטוח ישיר ביטוח רכב | C10: 28/12/2025 | D10: 43 | E10: כאל | F10: ישראל | G10: הוראת קבע חדשה בכרטיס | H10: 02/01/2026 | I10: 43 | K10: =IF(A10>0,VLOOKUP(A10,טבלאות!$J:$K,2,0),"") -> אשראי אורנה | L10: =IF(ISERROR(VLOOKUP(B10,טבלאות!$G:$H,2,0)),"",VLOOKUP(B10,טבלאות!$G:$H,2,0)) -> רכב ותחבורה | M10: =IF(OR(L10="",L10="?"),"",IF(L10>0,I10,"")) -> 43
A11: ויזה 7520 | B11: טיב טעם רשתות רחובות | C11: 27/12/2025 | D11: 129.8 | E11: כאל | F11: ישראל | H11: 02/01/2026 | I11: 129.8 | K11: =IF(A11>0,VLOOKUP(A11,טבלאות!$J:$K,2,0),"") -> אשראי מיכה | L11: =IF(ISERROR(VLOOKUP(B11,טבלאות!$G:$H,2,0)),"",VLOOKUP(B11,טבלאות!$G:$H,2,0)) -> מזון ומשקאות | M11: =IF(OR(L11="",L11="?"),"",IF(L11>0,I11,"")) -> 129.8
A12: ויזה 7520 | B12: קואופ רחובות | C12: 26/12/2025 | D12: 114.16 | E12: כאל | F12: ישראל | H12: 02/01/2026 | I12: 114.16 | K12: =IF(A12>0,VLOOKUP(A12,טבלאות!$J:$K,2,0),"") -> אשראי מיכה | L12: =IF(ISERROR(VLOOKUP(B12,טבלאות!$G:$H,2,0)),"",VLOOKUP(B12,טבלאות!$G:$H,2,0)) -> מזון ומשקאות | M12: =IF(OR(L12="",L12="?"),"",IF(L12>0,I12,"")) -> 114.16
A13: ויזה 7520 | B13: קואופ רחובות | C13: 26/12/2025 | D13: 96.32 | E13: כאל | F13: ישראל | H13: 02/01/2026 | I13: 96.32 | K13: =IF(A13>0,VLOOKUP(A13,טבלאות!$J:$K,2,0),"") -> אשראי מיכה | L13: =IF(ISERROR(VLOOKUP(B13,טבלאות!$G:$H,2,0)),"",VLOOKUP(B13,טבלאות!$G:$H,2,0)) -> מזון ומשקאות | M13: =IF(OR(L13="",L13="?"),"",IF(L13>0,I13,"")) -> 96.32
A14: ויזה 7520 | B14: CELLO | C14: 26/12/2025 | D14: 52.28 | E14: כאל | F14: ישראל | G14: הוראת קבע | H14: 02/01/2026 | I14: 52.28 | K14: =IF(A14>0,VLOOKUP(A14,טבלאות!$J:$K,2,0),"") -> אשראי מיכה | L14: =IF(ISERROR(VLOOKUP(B14,טבלאות!$G:$H,2,0)),"",VLOOKUP(B14,טבלאות!$G:$H,2,0)) -> רכב ותחבורה | M14: =IF(OR(L14="",L14="?"),"",IF(L14>0,I14,"")) -> 52.28
A15: ויזה 3669 | B15: העברה ב BIT בנה"פ | C15: 26/12/2025 | D15: 60 | E15: כאל | F15: ישראל | G15: העברה למאיה שליטו | H15: 02/01/2026 | I15: 60 | K15: =IF(A15>0,VLOOKUP(A15,טבלאות!$J:$K,2,0),"") -> אשראי אורנה | L15: =IF(ISERROR(VLOOKUP(B15,טבלאות!$G:$H,2,0)),"",VLOOKUP(B15,טבלאות!$G:$H,2,0)) -> חוגים | M15: =IF(OR(L15="",L15="?"),"",IF(L15>0,I15,"")) -> 60
A16: ויזה 3669 | B16: אורט רב מוטב | C16: 25/12/2025 | D16: 8956 | E16: כאל | F16: תשלום-ישראל | G16: 1 מ - 12 | H16: 02/01/2026 | I16: 750 | K16: =IF(A16>0,VLOOKUP(A16,טבלאות!$J:$K,2,0),"") -> אשראי אורנה | L16: =IF(ISERROR(VLOOKUP(B16,טבלאות!$G:$H,2,0)),"",VLOOKUP(B16,טבלאות!$G:$H,2,0)) -> בית ספר | M16: =IF(OR(L16="",L16="?"),"",IF(L16>0,I16,"")) -> 750
A17: ויזה 3669 | B17: הראל ביטוח חיים | C17: 25/12/2025 | D17: 56.93 | E17: כאל | F17: ישראל | G17: הוראת קבע | H17: 02/01/2026 | I17: 56.93 | K17: =IF(A17>0,VLOOKUP(A17,טבלאות!$J:$K,2,0),"") -> אשראי אורנה | L17: =IF(ISERROR(VLOOKUP(B17,טבלאות!$G:$H,2,0)),"",VLOOKUP(B17,טבלאות!$G:$H,2,0)) -> ביטוח | M17: =IF(OR(L17="",L17="?"),"",IF(L17>0,I17,"")) -> 56.93
A18: ויזה 3669 | B18: PAYBOX | C18: 24/12/2025 | D18: 260 | E18: כאל | F18: ישראל | G18: העברה לשרית קרת עבור שיעורים אמיר והילה | H18: 02/01/2026 | I18: 260 | K18: =IF(A18>0,VLOOKUP(A18,טבלאות!$J:$K,2,0),"") -> אשראי אורנה | L18: =IF(ISERROR(VLOOKUP(B18,טבלאות!$G:$H,2,0)),"",VLOOKUP(B18,טבלאות!$G:$H,2,0)) -> חוגים | M18: =IF(OR(L18="",L18="?"),"",IF(L18>0,I18,"")) -> 260
A19: ויזה 7520 | B19: שרותי בריאות כללית הו"ק | C19: 23/12/2025 | D19: 62.81 | E19: כאל | F19: ישראל | G19: הוראת קבע | H19: 02/01/2026 | I19: 62.81 | K19: =IF(A19>0,VLOOKUP(A19,טבלאות!$J:$K,2,0),"") -> אשראי מיכה | L19: =IF(ISERROR(VLOOKUP(B19,טבלאות!$G:$H,2,0)),"",VLOOKUP(B19,טבלאות!$G:$H,2,0)) -> בריאות | M19: =IF(OR(L19="",L19="?"),"",IF(L19>0,I19,"")) -> 62.81
A20: ויזה 7520 | B20: זול סטוק יפו | C20: 23/12/2025 | D20: 43.5 | E20: כאל | F20: ישראל | H20: 02/01/2026 | I20: 43.5 | K20: =IF(A20>0,VLOOKUP(A20,טבלאות!$J:$K,2,0),"") -> אשראי מיכה | L20: =IF(ISERROR(VLOOKUP(B20,טבלאות!$G:$H,2,0)),"",VLOOKUP(B20,טבלאות!$G:$H,2,0)) -> בית וגן | M20: =IF(OR(L20="",L20="?"),"",IF(L20>0,I20,"")) -> 43.5
A21: ויזה 7520 | B21: סעוד הראל -כללית | C21: 23/12/2025 | D21: 128.23 | E21: כאל | F21: ישראל | G21: הוראת קבע | H21: 02/01/2026 | I21: 128.23 | K21: =IF(A21>0,VLOOKUP(A21,טבלאות!$J:$K,2,0),"") -> אשראי מיכה | L21: =IF(ISERROR(VLOOKUP(B21,טבלאות!$G:$H,2,0)),"",VLOOKUP(B21,טבלאות!$G:$H,2,0)) -> בריאות | M21: =IF(OR(L21="",L21="?"),"",IF(L21>0,I21,"")) -> 128.23
A22: ויזה 7520 | B22: גליקסמן שיווק ביצים | C22: 23/12/2025 | D22: 72 | E22: כאל | F22: ישראל | H22: 02/01/2026 | I22: 72 | K22: =IF(A22>0,VLOOKUP(A22,טבלאות!$J:$K,2,0),"") -> אשראי מיכה | L22: =IF(ISERROR(VLOOKUP(B22,טבלאות!$G:$H,2,0)),"",VLOOKUP(B22,טבלאות!$G:$H,2,0)) -> מזון ומשקאות | M22: =IF(OR(L22="",L22="?"),"",IF(L22>0,I22,"")) -> 72
A23: ויזה 7520 | B23: מ. יוחננוף ובניו- רחובות | C23: 23/12/2025 | D23: 544.19 | E23: כאל | F23: ישראל | H23: 02/01/2026 | I23: 544.19 | K23: =IF(A23>0,VLOOKUP(A23,טבלאות!$J:$K,2,0),"") -> אשראי מיכה | L23: =IF(ISERROR(VLOOKUP(B23,טבלאות!$G:$H,2,0)),"",VLOOKUP(B23,טבלאות!$G:$H,2,0)) -> מזון ומשקאות | M23: =IF(OR(L23="",L23="?"),"",IF(L23>0,I23,"")) -> 544.19
A24: ויזה 7520 | B24: סופר-פארם מרכז הנשיא רחוב | C24: 22/12/2025 | D24: 19.8 | E24: כאל | F24: ישראל | H24: 02/01/2026 | I24: 19.8 | K24: =IF(A24>0,VLOOKUP(A24,טבלאות!$J:$K,2,0),"") -> אשראי מיכה | L24: =IF(ISERROR(VLOOKUP(B24,טבלאות!$G:$H,2,0)),"",VLOOKUP(B24,טבלאות!$G:$H,2,0)) -> בריאות | M24: =IF(OR(L24="",L24="?"),"",IF(L24>0,I24,"")) -> 19.8
A25: ויזה 7520 | B25: BIT | C25: 21/12/2025 | D25: 150 | E25: כאל | F25: חו"ל | G25: ישראל . העברה לאסתי אילוז | H25: 02/01/2026 | I25: 150 | K25: =IF(A25>0,VLOOKUP(A25,טבלאות!$J:$K,2,0),"") -> אשראי מיכה | L25: =IF(ISERROR(VLOOKUP(B25,טבלאות!$G:$H,2,0)),"",VLOOKUP(B25,טבלאות!$G:$H,2,0)) -> מתנות ומזכרות | M25: =IF(OR(L25="",L25="?"),"",IF(L25>0,I25,"")) -> 150
A26: ויזה 7520 | B26: סופר-פארם מרכז הנשיא רחוב | C26: 21/12/2025 | D26: 61.7 | E26: כאל | F26: ישראל | H26: 02/01/2026 | I26: 61.7 | K26: =IF(A26>0,VLOOKUP(A26,טבלאות!$J:$K,2,0),"") -> אשראי מיכה | L26: =IF(ISERROR(VLOOKUP(B26,טבלאות!$G:$H,2,0)),"",VLOOKUP(B26,טבלאות!$G:$H,2,0)) -> בריאות | M26: =IF(OR(L26="",L26="?"),"",IF(L26>0,I26,"")) -> 61.7
A27: ויזה 3669 | B27: בזק הוראות קבע | C27: 21/12/2025 | D27: 163.57 | E27: כאל | F27: ישראל | G27: הוראת קבע | H27: 02/01/2026 | I27: 163.57 | K27: =IF(A27>0,VLOOKUP(A27,טבלאות!$J:$K,2,0),"") -> אשראי אורנה | L27: =IF(ISERROR(VLOOKUP(B27,טבלאות!$G:$H,2,0)),"",VLOOKUP(B27,טבלאות!$G:$H,2,0)) -> מוצרי חשמל ותקשורת | M27: =IF(OR(L27="",L27="?"),"",IF(L27>0,I27,"")) -> 163.57
A28: ויזה 7520 | B28: דוכן הפרדסן מקס איט ניכיו | C28: 20/12/2025 | D28: 42.77 | E28: כאל | F28: ישראל | H28: 02/01/2026 | I28: 42.77 | K28: =IF(A28>0,VLOOKUP(A28,טבלאות!$J:$K,2,0),"") -> אשראי מיכה | L28: =IF(ISERROR(VLOOKUP(B28,טבלאות!$G:$H,2,0)),"",VLOOKUP(B28,טבלאות!$G:$H,2,0)) -> מזון ומשקאות | M28: =IF(OR(L28="",L28="?"),"",IF(L28>0,I28,"")) -> 42.77
A29: ויזה 7520 | B29: BIT | C29: 19/12/2025 | D29: 120 | E29: כאל | F29: חו"ל | G29: ישראל . העברה לטליה סלמון | H29: 02/01/2026 | I29: 120 | K29: =IF(A29>0,VLOOKUP(A29,טבלאות!$J:$K,2,0),"") -> אשראי מיכה | L29: =IF(ISERROR(VLOOKUP(B29,טבלאות!$G:$H,2,0)),"",VLOOKUP(B29,טבלאות!$G:$H,2,0)) -> מתנות ומזכרות | M29: =IF(OR(L29="",L29="?"),"",IF(L29>0,I29,"")) -> 120
A30: ויזה 3669 | B30: PAYBOX | C30: 19/12/2025 | D30: 130 | E30: כאל | F30: ישראל | G30: העברה לשרית קרת עבור שיעור לירון | H30: 02/01/2026 | I30: 130 | K30: =IF(A30>0,VLOOKUP(A30,טבלאות!$J:$K,2,0),"") -> אשראי אורנה | L30: =IF(ISERROR(VLOOKUP(B30,טבלאות!$G:$H,2,0)),"",VLOOKUP(B30,טבלאות!$G:$H,2,0)) -> חוגים | M30: =IF(OR(L30="",L30="?"),"",IF(L30>0,I30,"")) -> 130
A31: ויזה 7520 | B31: PAYPAL *ZWIFT | C31: 18/12/2025 | D31: 66.52 | E31: כאל | F31: חו"ל | G31: הוראת קבע ארצות הברית . מזהה כרטיס אינטרנט 4470 | H31: 02/01/2026 | I31: 66.52 | K31: =IF(A31>0,VLOOKUP(A31,טבלאות!$J:$K,2,0),"") -> אשראי מיכה | L31: =IF(ISERROR(VLOOKUP(B31,טבלאות!$G:$H,2,0)),"",VLOOKUP(B31,טבלאות!$G:$H,2,0)) -> בית וגן | M31: =IF(OR(L31="",L31="?"),"",IF(L31>0,I31,"")) -> 66.52
A32: ויזה 7520 | B32: גליקסמן שיווק ביצים | C32: 17/12/2025 | D32: 36 | E32: כאל | F32: ישראל | H32: 02/01/2026 | I32: 36 | K32: =IF(A32>0,VLOOKUP(A32,טבלאות!$J:$K,2,0),"") -> אשראי מיכה | L32: =IF(ISERROR(VLOOKUP(B32,טבלאות!$G:$H,2,0)),"",VLOOKUP(B32,טבלאות!$G:$H,2,0)) -> מזון ומשקאות | M32: =IF(OR(L32="",L32="?"),"",IF(L32>0,I32,"")) -> 36
A33: ויזה 7520 | B33: מ. יוחננוף ובניו- רחובות | C33: 17/12/2025 | D33: 998.86 | E33: כאל | F33: ישראל | H33: 02/01/2026 | I33: 998.86 | K33: =IF(A33>0,VLOOKUP(A33,טבלאות!$J:$K,2,0),"") -> אשראי מיכה | L33: =IF(ISERROR(VLOOKUP(B33,טבלאות!$G:$H,2,0)),"",VLOOKUP(B33,טבלאות!$G:$H,2,0)) -> מזון ומשקאות | M33: =IF(OR(L33="",L33="?"),"",IF(L33>0,I33,"")) -> 998.86
A34: ויזה 3669 | B34: PAYBOX | C34: 17/12/2025 | D34: 260 | E34: כאל | F34: ישראל | G34: העברה לשרית קרת עבור שיעורים אמיר והילה | H34: 02/01/2026 | I34: 260 | K34: =IF(A34>0,VLOOKUP(A34,טבלאות!$J:$K,2,0),"") -> אשראי אורנה | L34: =IF(ISERROR(VLOOKUP(B34,טבלאות!$G:$H,2,0)),"",VLOOKUP(B34,טבלאות!$G:$H,2,0)) -> חוגים | M34: =IF(OR(L34="",L34="?"),"",IF(L34>0,I34,"")) -> 260
A35: ויזה 3669 | B35: חברת החשמל לישראל בע"מ | C35: 17/12/2025 | D35: 970.87 | E35: כאל | F35: ישראל | G35: הוראת קבע | H35: 02/01/2026 | I35: 970.87 | K35: =IF(A35>0,VLOOKUP(A35,טבלאות!$J:$K,2,0),"") -> אשראי אורנה | L35: =IF(ISERROR(VLOOKUP(B35,טבלאות!$G:$H,2,0)),"",VLOOKUP(B35,טבלאות!$G:$H,2,0)) -> מוצרי חשמל ותקשורת | M35: =IF(OR(L35="",L35="?"),"",IF(L35>0,I35,"")) -> 970.87
A36: ויזה 7520 | B36: מ. יוחננוף ובניו- רחובות | C36: 16/12/2025 | D36: 65.39 | E36: כאל | F36: ישראל | H36: 02/01/2026 | I36: 65.39 | K36: =IF(A36>0,VLOOKUP(A36,טבלאות!$J:$K,2,0),"") -> אשראי מיכה | L36: =IF(ISERROR(VLOOKUP(B36,טבלאות!$G:$H,2,0)),"",VLOOKUP(B36,טבלאות!$G:$H,2,0)) -> מזון ומשקאות | M36: =IF(OR(L36="",L36="?"),"",IF(L36>0,I36,"")) -> 65.39
A37: ויזה 3669 | B37: דלק מנטה קמעונאות דרכים ב | C37: 16/12/2025 | D37: 214.84 | E37: כאל | F37: ישראל | H37: 02/01/2026 | I37: 214.84 | K37: =IF(A37>0,VLOOKUP(A37,טבלאות!$J:$K,2,0),"") -> אשראי אורנה | L37: =IF(ISERROR(VLOOKUP(B37,טבלאות!$G:$H,2,0)),"",VLOOKUP(B37,טבלאות!$G:$H,2,0)) -> רכב ותחבורה | M37: =IF(OR(L37="",L37="?"),"",IF(L37>0,I37,"")) -> 214.84
A38: ויזה 7520 | B38: מחסני השוק רחובות הנשיא | C38: 15/12/2025 | D38: 42.08 | E38: כאל | F38: ישראל | H38: 02/01/2026 | I38: 42.08 | K38: =IF(A38>0,VLOOKUP(A38,טבלאות!$J:$K,2,0),"") -> אשראי מיכה | L38: =IF(ISERROR(VLOOKUP(B38,טבלאות!$G:$H,2,0)),"",VLOOKUP(B38,טבלאות!$G:$H,2,0)) -> מזון ומשקאות | M38: =IF(OR(L38="",L38="?"),"",IF(L38>0,I38,"")) -> 42.08
A39: ויזה 3669 | B39: תשלום ועד בית | C39: 15/12/2025 | D39: 350 | E39: כאל | F39: ישראל | H39: 02/01/2026 | I39: 350 | K39: =IF(A39>0,VLOOKUP(A39,טבלאות!$J:$K,2,0),"") -> אשראי אורנה | L39: =IF(ISERROR(VLOOKUP(B39,טבלאות!$G:$H,2,0)),"",VLOOKUP(B39,טבלאות!$G:$H,2,0)) -> בית וגן | M39: =IF(OR(L39="",L39="?"),"",IF(L39>0,I39,"")) -> 350
A40: ויזה 7520 | B40: טיב טעם רשתות רחובות | C40: 13/12/2025 | D40: 58.8 | E40: כאל | F40: ישראל | H40: 02/01/2026 | I40: 58.8 | K40: =IF(A40>0,VLOOKUP(A40,טבלאות!$J:$K,2,0),"") -> אשראי מיכה | L40: =IF(ISERROR(VLOOKUP(B40,טבלאות!$G:$H,2,0)),"",VLOOKUP(B40,טבלאות!$G:$H,2,0)) -> מזון ומשקאות | M40: =IF(OR(L40="",L40="?"),"",IF(L40>0,I40,"")) -> 58.8
A41: ויזה 7520 | B41: דוכן הפרדסן מקס איט ניכיו | C41: 13/12/2025 | D41: 46.33 | E41: כאל | F41: ישראל | H41: 02/01/2026 | I41: 46.33 | K41: =IF(A41>0,VLOOKUP(A41,טבלאות!$J:$K,2,0),"") -> אשראי מיכה | L41: =IF(ISERROR(VLOOKUP(B41,טבלאות!$G:$H,2,0)),"",VLOOKUP(B41,טבלאות!$G:$H,2,0)) -> מזון ומשקאות | M41: =IF(OR(L41="",L41="?"),"",IF(L41>0,I41,"")) -> 46.33
A42: ויזה 7520 | B42: קואופ רחובות | C42: 12/12/2025 | D42: 119.4 | E42: כאל | F42: ישראל | H42: 02/01/2026 | I42: 119.4 | K42: =IF(A42>0,VLOOKUP(A42,טבלאות!$J:$K,2,0),"") -> אשראי מיכה | L42: =IF(ISERROR(VLOOKUP(B42,טבלאות!$G:$H,2,0)),"",VLOOKUP(B42,טבלאות!$G:$H,2,0)) -> מזון ומשקאות | M42: =IF(OR(L42="",L42="?"),"",IF(L42>0,I42,"")) -> 119.4
A43: ויזה 3669 | B43: כללית רמז רחובות | C43: 11/12/2025 | D43: 20.87 | E43: כאל | F43: ישראל | H43: 02/01/2026 | I43: 20.87 | K43: =IF(A43>0,VLOOKUP(A43,טבלאות!$J:$K,2,0),"") -> אשראי אורנה | L43: =IF(ISERROR(VLOOKUP(B43,טבלאות!$G:$H,2,0)),"",VLOOKUP(B43,טבלאות!$G:$H,2,0)) -> בריאות | M43: =IF(OR(L43="",L43="?"),"",IF(L43>0,I43,"")) -> 20.87
A44: ויזה 7520 | B44: גליקסמן שיווק ביצים | C44: 10/12/2025 | D44: 86 | E44: כאל | F44: ישראל | H44: 02/01/2026 | I44: 86 | K44: =IF(A44>0,VLOOKUP(A44,טבלאות!$J:$K,2,0),"") -> אשראי מיכה | L44: =IF(ISERROR(VLOOKUP(B44,טבלאות!$G:$H,2,0)),"",VLOOKUP(B44,טבלאות!$G:$H,2,0)) -> מזון ומשקאות | M44: =IF(OR(L44="",L44="?"),"",IF(L44>0,I44,"")) -> 86
A45: ויזה 7520 | B45: GV מערכות יוקרה לרכב-צמרת | C45: 10/12/2025 | D45: 15 | E45: כאל | F45: ישראל | H45: 02/01/2026 | I45: 15 | K45: =IF(A45>0,VLOOKUP(A45,טבלאות!$J:$K,2,0),"") -> אשראי מיכה | L45: =IF(ISERROR(VLOOKUP(B45,טבלאות!$G:$H,2,0)),"",VLOOKUP(B45,טבלאות!$G:$H,2,0)) -> רכב ותחבורה | M45: =IF(OR(L45="",L45="?"),"",IF(L45>0,I45,"")) -> 15
A46: ויזה 7520 | B46: מ. יוחננוף ובניו- רחובות | C46: 10/12/2025 | D46: 592.84 | E46: כאל | F46: ישראל | H46: 02/01/2026 | I46: 592.84 | K46: =IF(A46>0,VLOOKUP(A46,טבלאות!$J:$K,2,0),"") -> אשראי מיכה | L46: =IF(ISERROR(VLOOKUP(B46,טבלאות!$G:$H,2,0)),"",VLOOKUP(B46,טבלאות!$G:$H,2,0)) -> מזון ומשקאות | M46: =IF(OR(L46="",L46="?"),"",IF(L46>0,I46,"")) -> 592.84
A47: ויזה 7520 | B47: דוכן הפרדסן מקס איט ניכיו | C47: 10/12/2025 | D47: 34.8 | E47: כאל | F47: ישראל | H47: 02/01/2026 | I47: 34.8 | K47: =IF(A47>0,VLOOKUP(A47,טבלאות!$J:$K,2,0),"") -> אשראי מיכה | L47: =IF(ISERROR(VLOOKUP(B47,טבלאות!$G:$H,2,0)),"",VLOOKUP(B47,טבלאות!$G:$H,2,0)) -> מזון ומשקאות | M47: =IF(OR(L47="",L47="?"),"",IF(L47>0,I47,"")) -> 34.8
A48: ויזה 3669 | B48: PAYBOX | C48: 10/12/2025 | D48: 260 | E48: כאל | F48: ישראל | G48: העברה לשרית קרת עבור שיעורים הילה ואמיר | H48: 02/01/2026 | I48: 260 | K48: =IF(A48>0,VLOOKUP(A48,טבלאות!$J:$K,2,0),"") -> אשראי אורנה | L48: =IF(ISERROR(VLOOKUP(B48,טבלאות!$G:$H,2,0)),"",VLOOKUP(B48,טבלאות!$G:$H,2,0)) -> חוגים | M48: =IF(OR(L48="",L48="?"),"",IF(L48>0,I48,"")) -> 260
A49: ויזה 3669 | B49: דלק מנטה קמעונאות דרכים ב | C49: 09/12/2025 | D49: 173.03 | E49: כאל | F49: ישראל | H49: 02/01/2026 | I49: 173.03 | K49: =IF(A49>0,VLOOKUP(A49,טבלאות!$J:$K,2,0),"") -> אשראי אורנה | L49: =IF(ISERROR(VLOOKUP(B49,טבלאות!$G:$H,2,0)),"",VLOOKUP(B49,טבלאות!$G:$H,2,0)) -> רכב ותחבורה | M49: =IF(OR(L49="",L49="?"),"",IF(L49>0,I49,"")) -> 173.03
A50: ויזה 3669 | B50: איוונטר כרטיסים בע"מ | C50: 09/12/2025 | D50: 200 | E50: כאל | F50: ישראל | H50: 02/01/2026 | I50: 200 | K50: =IF(A50>0,VLOOKUP(A50,טבלאות!$J:$K,2,0),"") -> אשראי אורנה | L50: =IF(ISERROR(VLOOKUP(B50,טבלאות!$G:$H,2,0)),"",VLOOKUP(B50,טבלאות!$G:$H,2,0)) -> נופש | M50: =IF(OR(L50="",L50="?"),"",IF(L50>0,I50,"")) -> 200
A51: ויזה 7520 | B51: שרותי בריאות כללית הו"ק | C51: 07/12/2025 | D51: 120 | E51: כאל | F51: ישראל | G51: הוראת קבע | H51: 02/01/2026 | I51: 120 | K51: =IF(A51>0,VLOOKUP(A51,טבלאות!$J:$K,2,0),"") -> אשראי מיכה | L51: =IF(ISERROR(VLOOKUP(B51,טבלאות!$G:$H,2,0)),"",VLOOKUP(B51,טבלאות!$G:$H,2,0)) -> בריאות | M51: =IF(OR(L51="",L51="?"),"",IF(L51>0,I51,"")) -> 120
A52: ויזה 7520 | B52: טיב טעם רשתות רחובות | C52: 06/12/2025 | D52: 112.9 | E52: כאל | F52: ישראל | H52: 02/01/2026 | I52: 112.9 | K52: =IF(A52>0,VLOOKUP(A52,טבלאות!$J:$K,2,0),"") -> אשראי מיכה | L52: =IF(ISERROR(VLOOKUP(B52,טבלאות!$G:$H,2,0)),"",VLOOKUP(B52,טבלאות!$G:$H,2,0)) -> מזון ומשקאות | M52: =IF(OR(L52="",L52="?"),"",IF(L52>0,I52,"")) -> 112.9
A53: ויזה 7520 | B53: דוכן הפרדסן מקס איט ניכיו | C53: 06/12/2025 | D53: 120.1 | E53: כאל | F53: ישראל | H53: 02/01/2026 | I53: 120.1 | K53: =IF(A53>0,VLOOKUP(A53,טבלאות!$J:$K,2,0),"") -> אשראי מיכה | L53: =IF(ISERROR(VLOOKUP(B53,טבלאות!$G:$H,2,0)),"",VLOOKUP(B53,טבלאות!$G:$H,2,0)) -> מזון ומשקאות | M53: =IF(OR(L53="",L53="?"),"",IF(L53>0,I53,"")) -> 120.1
A54: ויזה 7520 | B54: קואופ רחובות | C54: 05/12/2025 | D54: 199.59 | E54: כאל | F54: ישראל | H54: 02/01/2026 | I54: 199.59 | K54: =IF(A54>0,VLOOKUP(A54,טבלאות!$J:$K,2,0),"") -> אשראי מיכה | L54: =IF(ISERROR(VLOOKUP(B54,טבלאות!$G:$H,2,0)),"",VLOOKUP(B54,טבלאות!$G:$H,2,0)) -> מזון ומשקאות | M54: =IF(OR(L54="",L54="?"),"",IF(L54>0,I54,"")) -> 199.59
A55: ויזה 7520 | B55: גליקסמן שיווק ביצים | C55: 03/12/2025 | D55: 72 | E55: כאל | F55: ישראל | H55: 02/01/2026 | I55: 72 | K55: =IF(A55>0,VLOOKUP(A55,טבלאות!$J:$K,2,0),"") -> אשראי מיכה | L55: =IF(ISERROR(VLOOKUP(B55,טבלאות!$G:$H,2,0)),"",VLOOKUP(B55,טבלאות!$G:$H,2,0)) -> מזון ומשקאות | M55: =IF(OR(L55="",L55="?"),"",IF(L55>0,I55,"")) -> 72
A56: ויזה 7520 | B56: מ. יוחננוף ובניו- רחובות | C56: 03/12/2025 | D56: 573.91 | E56: כאל | F56: ישראל | H56: 02/01/2026 | I56: 573.91 | K56: =IF(A56>0,VLOOKUP(A56,טבלאות!$J:$K,2,0),"") -> אשראי מיכה | L56: =IF(ISERROR(VLOOKUP(B56,טבלאות!$G:$H,2,0)),"",VLOOKUP(B56,טבלאות!$G:$H,2,0)) -> מזון ומשקאות | M56: =IF(OR(L56="",L56="?"),"",IF(L56>0,I56,"")) -> 573.91
A57: ויזה 7520 | B57: הום סנטר נס ציונה | C57: 03/12/2025 | D57: 59.9 | E57: כאל | F57: ישראל | H57: 02/01/2026 | I57: 59.9 | K57: =IF(A57>0,VLOOKUP(A57,טבלאות!$J:$K,2,0),"") -> אשראי מיכה | L57: =IF(ISERROR(VLOOKUP(B57,טבלאות!$G:$H,2,0)),"",VLOOKUP(B57,טבלאות!$G:$H,2,0)) -> בית וגן | M57: =IF(OR(L57="",L57="?"),"",IF(L57>0,I57,"")) -> 59.9
A58: ויזה 7520 | B58: העברה ב BIT בנה"פ | C58: 02/12/2025 | D58: 50 | E58: כאל | F58: ישראל | G58: העברה לדנה ויינרוך | H58: 02/01/2026 | I58: 50 | K58: =IF(A58>0,VLOOKUP(A58,טבלאות!$J:$K,2,0),"") -> אשראי מיכה | L58: =IF(ISERROR(VLOOKUP(B58,טבלאות!$G:$H,2,0)),"",VLOOKUP(B58,טבלאות!$G:$H,2,0)) -> חוגים | M58: =IF(OR(L58="",L58="?"),"",IF(L58>0,I58,"")) -> 50
A59: ויזה 7520 | B59: טיב טעם רשתות רחובות | C59: 02/12/2025 | D59: 47.14 | E59: כאל | F59: ישראל | H59: 02/01/2026 | I59: 47.14 | K59: =IF(A59>0,VLOOKUP(A59,טבלאות!$J:$K,2,0),"") -> אשראי מיכה | L59: =IF(ISERROR(VLOOKUP(B59,טבלאות!$G:$H,2,0)),"",VLOOKUP(B59,טבלאות!$G:$H,2,0)) -> מזון ומשקאות | M59: =IF(OR(L59="",L59="?"),"",IF(L59>0,I59,"")) -> 47.14
A60: ויזה 3669 | B60: שטראוס מים בע"מ הו"ק | C60: 01/12/2025 | D60: 68.57 | E60: כאל | F60: ישראל | G60: הוראת קבע | H60: 02/01/2026 | I60: 68.57 | K60: =IF(A60>0,VLOOKUP(A60,טבלאות!$J:$K,2,0),"") -> אשראי אורנה | L60: =IF(ISERROR(VLOOKUP(B60,טבלאות!$G:$H,2,0)),"",VLOOKUP(B60,טבלאות!$G:$H,2,0)) -> בית וגן | M60: =IF(OR(L60="",L60="?"),"",IF(L60>0,I60,"")) -> 68.57
A61: ויזה 3669 | B61: הסתדרות העובדים הלאומית | C61: 01/12/2025 | D61: 30 | E61: כאל | F61: ישראל | G61: הוראת קבע | H61: 02/01/2026 | I61: 30 | K61: =IF(A61>0,VLOOKUP(A61,טבלאות!$J:$K,2,0),"") -> אשראי אורנה | L61: =IF(ISERROR(VLOOKUP(B61,טבלאות!$G:$H,2,0)),"",VLOOKUP(B61,טבלאות!$G:$H,2,0)) -> שונות | M61: =IF(OR(L61="",L61="?"),"",IF(L61>0,I61,"")) -> 30
A62: ויזה 7520 | B62: בריין בינה בעמ | C62: 30/11/2025 | D62: -37 | E62: כאל | F62: זיכוי-ישראל | H62: 02/01/2026 | I62: -37 | K62: =IF(A62>0,VLOOKUP(A62,טבלאות!$J:$K,2,0),"") -> אשראי מיכה | L62: =IF(ISERROR(VLOOKUP(B62,טבלאות!$G:$H,2,0)),"",VLOOKUP(B62,טבלאות!$G:$H,2,0)) -> מוצרי חשמל ותקשורת | M62: =IF(OR(L62="",L62="?"),"",IF(L62>0,I62,"")) -> -37
A63: ויזה 7520 | B63: PAYPAL *ALIPAYSINGA | C63: 29/11/2025 | D63: 55.35 | E63: כאל | F63: חו"ל | G63: סינגפור . מזהה כרטיס אינטרנט 4470 | H63: 02/01/2026 | I63: 55.35 | K63: =IF(A63>0,VLOOKUP(A63,טבלאות!$J:$K,2,0),"") -> אשראי מיכה | L63: =IF(ISERROR(VLOOKUP(B63,טבלאות!$G:$H,2,0)),"",VLOOKUP(B63,טבלאות!$G:$H,2,0)) -> מוצרי חשמל ותקשורת | M63: =IF(OR(L63="",L63="?"),"",IF(L63>0,I63,"")) -> 55.35
A64: ויזה 3669 | B64: מרכז הנופש בע"מ | C64: 07/09/2025 | D64: 2430 | E64: כאל | F64: תשלום-ישראל | G64: 4 מ - 9 | H64: 02/01/2026 | I64: 270 | K64: =IF(A64>0,VLOOKUP(A64,טבלאות!$J:$K,2,0),"") -> אשראי אורנה | L64: =IF(ISERROR(VLOOKUP(B64,טבלאות!$G:$H,2,0)),"",VLOOKUP(B64,טבלאות!$G:$H,2,0)) -> חוגים | M64: =IF(OR(L64="",L64="?"),"",IF(L64>0,I64,"")) -> 270
A65: ויזה 3669 | B65: מכון דוידסון-צמרת | C65: 28/07/2025 | D65: 3650 | E65: כאל | F65: תשלום-ישראל | G65: 6 מ - 10 | H65: 02/01/2026 | I65: 365 | K65: =IF(A65>0,VLOOKUP(A65,טבלאות!$J:$K,2,0),"") -> אשראי אורנה | L65: =IF(ISERROR(VLOOKUP(B65,טבלאות!$G:$H,2,0)),"",VLOOKUP(B65,טבלאות!$G:$H,2,0)) -> חוגים | M65: =IF(OR(L65="",L65="?"),"",IF(L65>0,I65,"")) -> 365
A66: ויזה פלטינום | B66: יוניברס נס ציונה -הפטיש | C66: 46021 | D66: 14.9 | H66: 02/01/2026 | I66: 14.9 | K66: =IF(A66>0,VLOOKUP(A66,טבלאות!$J:$K,2,0),"") -> שופרסל | L66: =IF(ISERROR(VLOOKUP(B66,טבלאות!$G:$H,2,0)),"",VLOOKUP(B66,טבלאות!$G:$H,2,0)) -> מזון ומשקאות | M66: =IF(OR(L66="",L66="?"),"",IF(L66>0,I66,"")) -> 14.9
A67: ויזה פלטינום | B67: אספרסו בר אתי דגן בע"מ | C67: 46014 | D67: 70 | H67: 02/01/2026 | I67: 70 | K67: =IF(A67>0,VLOOKUP(A67,טבלאות!$J:$K,2,0),"") -> שופרסל | L67: =IF(ISERROR(VLOOKUP(B67,טבלאות!$G:$H,2,0)),"",VLOOKUP(B67,טבלאות!$G:$H,2,0)) -> בילוי ומסעדות | M67: =IF(OR(L67="",L67="?"),"",IF(L67>0,I67,"")) -> 70
A68: ויזה פלטינום | B68: נאייקס ישראל חניונים | C68: 46001 | D68: 100 | H68: 02/01/2026 | I68: 100 | K68: =IF(A68>0,VLOOKUP(A68,טבלאות!$J:$K,2,0),"") -> שופרסל | L68: =IF(ISERROR(VLOOKUP(B68,טבלאות!$G:$H,2,0)),"",VLOOKUP(B68,טבלאות!$G:$H,2,0)) -> רכב ותחבורה | M68: =IF(OR(L68="",L68="?"),"",IF(L68>0,I68,"")) -> 100
A69: ויזה פלטינום | B69: שלי רחובות | C69: 46000 | D69: 2.4 | H69: 02/01/2026 | I69: 2.4 | K69: =IF(A69>0,VLOOKUP(A69,טבלאות!$J:$K,2,0),"") -> שופרסל | L69: =IF(ISERROR(VLOOKUP(B69,טבלאות!$G:$H,2,0)),"",VLOOKUP(B69,טבלאות!$G:$H,2,0)) -> מזון ומשקאות | M69: =IF(OR(L69="",L69="?"),"",IF(L69>0,I69,"")) -> 2.4
A70: ויזה פלטינום | B70: שלי רחובות | C70: 45998 | D70: 54.72 | H70: 02/01/2026 | I70: 54.72 | K70: =IF(A70>0,VLOOKUP(A70,טבלאות!$J:$K,2,0),"") -> שופרסל | L70: =IF(ISERROR(VLOOKUP(B70,טבלאות!$G:$H,2,0)),"",VLOOKUP(B70,טבלאות!$G:$H,2,0)) -> מזון ומשקאות | M70: =IF(OR(L70="",L70="?"),"",IF(L70>0,I70,"")) -> 54.72
A71: ויזה פלטינום | B71: דמי כרטיס | C71: 45995 | D71: 12.9 | H71: 02/01/2026 | K71: =IF(A71>0,VLOOKUP(A71,טבלאות!$J:$K,2,0),"") -> שופרסל | L71: =IF(ISERROR(VLOOKUP(B71,טבלאות!$G:$H,2,0)),"",VLOOKUP(B71,טבלאות!$G:$H,2,0)) -> שירותי בנקאות | M71: =IF(OR(L71="",L71="?"),"",IF(L71>0,I71,"")) -> 0
A72: ויזה פלטינום | B72: PAYPAL *ALIPAYSINGA | C72: 45993 | D72: 90.26 | H72: 02/01/2026 | I72: 90.26 | K72: =IF(A72>0,VLOOKUP(A72,טבלאות!$J:$K,2,0),"") -> שופרסל | L72: =IF(ISERROR(VLOOKUP(B72,טבלאות!$G:$H,2,0)),"",VLOOKUP(B72,טבלאות!$G:$H,2,0)) -> מוצרי חשמל ותקשורת | M72: =IF(OR(L72="",L72="?"),"",IF(L72>0,I72,"")) -> 90.26
A73: מקס איט פי | B73: להבות ייצור ומיגון | C73: 46000 | D73: 358 | H73: 02/01/2026 | I73: 358 | K73: =IF(A73>0,VLOOKUP(A73,טבלאות!$J:$K,2,0),"") -> בהצדעה | L73: =IF(ISERROR(VLOOKUP(B73,טבלאות!$G:$H,2,0)),"",VLOOKUP(B73,טבלאות!$G:$H,2,0)) -> בית וגן | M73: =IF(OR(L73="",L73="?"),"",IF(L73>0,I73,"")) -> 358
A74: פלטינה מסטרקארד | B74: איילון ביטוח חיים וב | C74: 46003 | D74: 53.32 | H74: 02/01/2026 | I74: 53.32 | K74: =IF(A74>0,VLOOKUP(A74,טבלאות!$J:$K,2,0),"") -> טוב | L74: =IF(ISERROR(VLOOKUP(B74,טבלאות!$G:$H,2,0)),"",VLOOKUP(B74,טבלאות!$G:$H,2,0)) -> ביטוח | M74: =IF(OR(L74="",L74="?"),"",IF(L74>0,I74,"")) -> 53.32
A75: פלטינה מסטרקארד | B75: איילון ביטוח חיים וב | C75: 46003 | D75: 53.32 | H75: 02/01/2026 | I75: 53.32 | K75: =IF(A75>0,VLOOKUP(A75,טבלאות!$J:$K,2,0),"") -> טוב | L75: =IF(ISERROR(VLOOKUP(B75,טבלאות!$G:$H,2,0)),"",VLOOKUP(B75,טבלאות!$G:$H,2,0)) -> ביטוח | M75: =IF(OR(L75="",L75="?"),"",IF(L75>0,I75,"")) -> 53.32
A76: פלטינה מסטרקארד | B76: איילון ביטוח חיים וב | C76: 46003 | D76: 107.64 | H76: 02/01/2026 | I76: 107.64 | K76: =IF(A76>0,VLOOKUP(A76,טבלאות!$J:$K,2,0),"") -> טוב | L76: =IF(ISERROR(VLOOKUP(B76,טבלאות!$G:$H,2,0)),"",VLOOKUP(B76,טבלאות!$G:$H,2,0)) -> ביטוח | M76: =IF(OR(L76="",L76="?"),"",IF(L76>0,I76,"")) -> 107.64
A77: פלטינה מסטרקארד | B77: איילון ביטוח חיים וב | C77: 46003 | D77: 142.94 | H77: 02/01/2026 | I77: 142.94 | K77: =IF(A77>0,VLOOKUP(A77,טבלאות!$J:$K,2,0),"") -> טוב | L77: =IF(ISERROR(VLOOKUP(B77,טבלאות!$G:$H,2,0)),"",VLOOKUP(B77,טבלאות!$G:$H,2,0)) -> ביטוח | M77: =IF(OR(L77="",L77="?"),"",IF(L77>0,I77,"")) -> 142.94
A78: פלטינה מסטרקארד | B78: איילון ביטוח חיים וב | C78: 46003 | D78: 139.6 | H78: 02/01/2026 | I78: 139.6 | K78: =IF(A78>0,VLOOKUP(A78,טבלאות!$J:$K,2,0),"") -> טוב | L78: =IF(ISERROR(VLOOKUP(B78,טבלאות!$G:$H,2,0)),"",VLOOKUP(B78,טבלאות!$G:$H,2,0)) -> ביטוח | M78: =IF(OR(L78="",L78="?"),"",IF(L78>0,I78,"")) -> 139.6
A79: ויזה 1618 | B79: מיי טריפ בע"מ | C79: 45966 | D79: 27567.9 | G79: תשלום 2 מתוך 3 | H79: 02/01/2026 | I79: 9189.3 | K79: =IF(A79>0,VLOOKUP(A79,טבלאות!$J:$K,2,0),"") -> הסתדרות | L79: =IF(ISERROR(VLOOKUP(B79,טבלאות!$G:$H,2,0)),"",VLOOKUP(B79,טבלאות!$G:$H,2,0)) -> נופש | M79: =IF(OR(L79="",L79="?"),"",IF(L79>0,I79,"")) -> 9189.3
K80: =IF(A80>0,VLOOKUP(A80,טבלאות!$J:$K,2,0),"") | L80: =IF(ISERROR(VLOOKUP(B80,טבלאות!$G:$H,2,0)),"",VLOOKUP(B80,טבלאות!$G:$H,2,0)) | M80: =IF(OR(L80="",L80="?"),"",IF(L80>0,I80,""))
K81: =IF(A81>0,VLOOKUP(A81,טבלאות!$J:$K,2,0),"") | L81: =IF(ISERROR(VLOOKUP(B81,טבלאות!$G:$H,2,0)),"",VLOOKUP(B81,טבלאות!$G:$H,2,0)) | M81: =IF(OR(L81="",L81="?"),"",IF(L81>0,I81,""))
K82: =IF(A82>0,VLOOKUP(A82,טבלאות!$J:$K,2,0),"") | L82: =IF(ISERROR(VLOOKUP(B82,טבלאות!$G:$H,2,0)),"",VLOOKUP(B82,טבלאות!$G:$H,2,0)) | M82: =IF(OR(L82="",L82="?"),"",IF(L82>0,I82,""))
K83: =IF(A83>0,VLOOKUP(A83,טבלאות!$J:$K,2,0),"") | L83: =IF(ISERROR(VLOOKUP(B83,טבלאות!$G:$H,2,0)),"",VLOOKUP(B83,טבלאות!$G:$H,2,0)) | M83: =IF(OR(L83="",L83="?"),"",IF(L83>0,I83,""))
K84: =IF(A84>0,VLOOKUP(A84,טבלאות!$J:$K,2,0),"") | L84: =IF(ISERROR(VLOOKUP(B84,טבלאות!$G:$H,2,0)),"",VLOOKUP(B84,טבלאות!$G:$H,2,0)) | M84: =IF(OR(L84="",L84="?"),"",IF(L84>0,I84,""))
K85: =IF(A85>0,VLOOKUP(A85,טבלאות!$J:$K,2,0),"") | L85: =IF(ISERROR(VLOOKUP(B85,טבלאות!$G:$H,2,0)),"",VLOOKUP(B85,טבלאות!$G:$H,2,0)) | M85: =IF(OR(L85="",L85="?"),"",IF(L85>0,I85,""))
K86: =IF(A86>0,VLOOKUP(A86,טבלאות!$J:$K,2,0),"") | L86: =IF(ISERROR(VLOOKUP(B86,טבלאות!$G:$H,2,0)),"",VLOOKUP(B86,טבלאות!$G:$H,2,0)) | M86: =IF(OR(L86="",L86="?"),"",IF(L86>0,I86,""))
K87: =IF(A87>0,VLOOKUP(A87,טבלאות!$J:$K,2,0),"") | L87: =IF(ISERROR(VLOOKUP(B87,טבלאות!$G:$H,2,0)),"",VLOOKUP(B87,טבלאות!$G:$H,2,0)) | M87: =IF(OR(L87="",L87="?"),"",IF(L87>0,I87,""))
K88: =IF(A88>0,VLOOKUP(A88,טבלאות!$J:$K,2,0),"") | L88: =IF(ISERROR(VLOOKUP(B88,טבלאות!$G:$H,2,0)),"",VLOOKUP(B88,טבלאות!$G:$H,2,0)) | M88: =IF(OR(L88="",L88="?"),"",IF(L88>0,I88,""))
K89: =IF(A89>0,VLOOKUP(A89,טבלאות!$J:$K,2,0),"") | L89: =IF(ISERROR(VLOOKUP(B89,טבלאות!$G:$H,2,0)),"",VLOOKUP(B89,טבלאות!$G:$H,2,0)) | M89: =IF(OR(L89="",L89="?"),"",IF(L89>0,I89,""))
K90: =IF(A90>0,VLOOKUP(A90,טבלאות!$J:$K,2,0),"") | L90: =IF(ISERROR(VLOOKUP(B90,טבלאות!$G:$H,2,0)),"",VLOOKUP(B90,טבלאות!$G:$H,2,0)) | M90: =IF(OR(L90="",L90="?"),"",IF(L90>0,I90,""))
K91: =IF(A91>0,VLOOKUP(A91,טבלאות!$J:$K,2,0),"") | L91: =IF(ISERROR(VLOOKUP(B91,טבלאות!$G:$H,2,0)),"",VLOOKUP(B91,טבלאות!$G:$H,2,0)) | M91: =IF(OR(L91="",L91="?"),"",IF(L91>0,I91,""))
... K96: =IF(A96>0,VLOOKUP(A96,טבלאות!$J:$K,2,0),"") | L96: =IF(ISERROR(VLOOKUP(B96,טבלאות!$G:$H,2,0)),"",VLOOKUP(B96,טבלאות!$G:$H,2,0)) | M96: =IF(OR(L96="",L96="?"),"",IF(L96>0,I96,""))
L97: =IF(ISERROR(VLOOKUP(B97,טבלאות!$G:$H,2,0)),"",VLOOKUP(B97,טבלאות!$G:$H,2,0)) | M97: =IF(OR(L97="",L97="?"),"",IF(L97>0,I97,""))
L98: =IF(ISERROR(VLOOKUP(B98,טבלאות!$G:$H,2,0)),"",VLOOKUP(B98,טבלאות!$G:$H,2,0)) | M98: =IF(OR(L98="",L98="?"),"",IF(L98>0,I98,""))
L99: =IF(ISERROR(VLOOKUP(B99,טבלאות!$G:$H,2,0)),"",VLOOKUP(B99,טבלאות!$G:$H,2,0)) | M99: =IF(OR(L99="",L99="?"),"",IF(L99>0,I99,""))
L100: =IF(ISERROR(VLOOKUP(B100,טבלאות!$G:$H,2,0)),"",VLOOKUP(B100,טבלאות!$G:$H,2,0)) | M100: =IF(OR(L100="",L100="?"),"",IF(L100>0,I100,""))
L101: =IF(ISERROR(VLOOKUP(B101,טבלאות!$G:$H,2,0)),"",VLOOKUP(B101,טבלאות!$G:$H,2,0)) | M101: =IF(OR(L101="",L101="?"),"",IF(L101>0,I101,""))
L102: =IF(ISERROR(VLOOKUP(B102,טבלאות!$G:$H,2,0)),"",VLOOKUP(B102,טבלאות!$G:$H,2,0)) | M102: =IF(OR(L102="",L102="?"),"",IF(L102>0,I102,""))
L103: =IF(ISERROR(VLOOKUP(B103,טבלאות!$G:$H,2,0)),"",VLOOKUP(B103,טבלאות!$G:$H,2,0)) | M103: =IF(OR(L103="",L103="?"),"",IF(L103>0,I103,""))
L104: =IF(ISERROR(VLOOKUP(B104,טבלאות!$G:$H,2,0)),"",VLOOKUP(B104,טבלאות!$G:$H,2,0)) | M104: =IF(OR(L104="",L104="?"),"",IF(L104>0,I104,""))
...

Sheet 2
A1: כרטיס | B1: בית עסק | C1: תאריך עסקה | D1: סכום העסקה | E1: מנפיק | F1: סוג העסקה | G1: פירוט | H1: תאריך החיוב | I1: סכום לחיוב | J1: פירוט נוסף | K1: סוג כרטיס | L1: סוג הוצאה | M1: סכום הוצאה | N1: הערות פנימיות
A2: ויזה 7520 | B2: טיב טעם רשתות רחובות | C2: 31/01/2026 | D2: 130.4 | E2: כאל | F2: ישראל | H2: 02/02/2026 | I2: 130.4 | K2: =IF(A2>0,VLOOKUP(A2,טבלאות!$J:$K,2,0),"") -> אשראי מיכה | L2: =IF(ISERROR(VLOOKUP(B2,טבלאות!$G:$H,2,0)),"",VLOOKUP(B2,טבלאות!$G:$H,2,0)) -> מזון ומשקאות | M2: =IF(OR(L2="",L2="?"),"",IF(L2>0,I2,"")) -> 130.4
A3: ויזה 7520 | B3: דוכן הפרדסן מקס איט ניכיו | C3: 31/01/2026 | D3: 13.15 | E3: כאל | F3: ישראל | H3: 02/02/2026 | I3: 13.15 | K3: =IF(A3>0,VLOOKUP(A3,טבלאות!$J:$K,2,0),"") -> אשראי מיכה | L3: =IF(ISERROR(VLOOKUP(B3,טבלאות!$G:$H,2,0)),"",VLOOKUP(B3,טבלאות!$G:$H,2,0)) -> מזון ומשקאות | M3: =IF(OR(L3="",L3="?"),"",IF(L3>0,I3,"")) -> 13.15
A4: ויזה 7520 | B4: בריין בינה בעמ | C4: 31/01/2026 | D4: 37 | E4: כאל | F4: ישראל | H4: 02/02/2026 | I4: 37 | K4: =IF(A4>0,VLOOKUP(A4,טבלאות!$J:$K,2,0),"") -> אשראי מיכה | L4: =IF(ISERROR(VLOOKUP(B4,טבלאות!$G:$H,2,0)),"",VLOOKUP(B4,טבלאות!$G:$H,2,0)) -> מוצרי חשמל ותקשורת | M4: =IF(OR(L4="",L4="?"),"",IF(L4>0,I4,"")) -> 37
A5: ויזה 7520 | B5: דור אלון פארק המדע | C5: 31/01/2026 | D5: 210.46 | E5: כאל | F5: ישראל | H5: 02/02/2026 | I5: 210.46 | K5: =IF(A5>0,VLOOKUP(A5,טבלאות!$J:$K,2,0),"") -> אשראי מיכה | L5: =IF(ISERROR(VLOOKUP(B5,טבלאות!$G:$H,2,0)),"",VLOOKUP(B5,טבלאות!$G:$H,2,0)) -> רכב ותחבורה | M5: =IF(OR(L5="",L5="?"),"",IF(L5>0,I5,"")) -> 210.46
A6: ויזה 7520 | B6: טיב טעם רשתות רחובות | C6: 31/01/2026 | D6: 29.4 | E6: כאל | F6: ישראל | H6: 02/02/2026 | I6: 29.4 | K6: =IF(A6>0,VLOOKUP(A6,טבלאות!$J:$K,2,0),"") -> אשראי מיכה | L6: =IF(ISERROR(VLOOKUP(B6,טבלאות!$G:$H,2,0)),"",VLOOKUP(B6,טבלאות!$G:$H,2,0)) -> מזון ומשקאות | M6: =IF(OR(L6="",L6="?"),"",IF(L6>0,I6,"")) -> 29.4
A7: ויזה 3669 | B7: העברה ב BIT בנה"פ | C7: 31/01/2026 | D7: 200 | E7: כאל | F7: ישראל | G7: העברה למרשה דוידוביץ | H7: 02/02/2026 | I7: 200 | K7: =IF(A7>0,VLOOKUP(A7,טבלאות!$J:$K,2,0),"") -> אשראי אורנה | L7: =IF(ISERROR(VLOOKUP(B7,טבלאות!$G:$H,2,0)),"",VLOOKUP(B7,טבלאות!$G:$H,2,0)) -> חוגים | M7: =IF(OR(L7="",L7="?"),"",IF(L7>0,I7,"")) -> 200
A8: ויזה 7520 | B8: PAYPAL *NETFLIX COM | C8: 30/01/2026 | D8: 69.9 | E8: כאל | F8: חו"ל | G8: הוראת קבע הולנד . מזהה כרטיס אינטרנט 4470 | H8: 02/02/2026 | I8: 69.9 | K8: =IF(A8>0,VLOOKUP(A8,טבלאות!$J:$K,2,0),"") -> אשראי מיכה | L8: =IF(ISERROR(VLOOKUP(B8,טבלאות!$G:$H,2,0)),"",VLOOKUP(B8,טבלאות!$G:$H,2,0)) -> מוצרי חשמל ותקשורת | M8: =IF(OR(L8="",L8="?"),"",IF(L8>0,I8,"")) -> 69.9
A9: ויזה 7520 | B9: קואופ רחובות | C9: 30/01/2026 | D9: 47.6 | E9: כאל | F9: ישראל | H9: 02/02/2026 | I9: 47.6 | K9: =IF(A9>0,VLOOKUP(A9,טבלאות!$J:$K,2,0),"") -> אשראי מיכה | L9: =IF(ISERROR(VLOOKUP(B9,טבלאות!$G:$H,2,0)),"",VLOOKUP(B9,טבלאות!$G:$H,2,0)) -> מזון ומשקאות | M9: =IF(OR(L9="",L9="?"),"",IF(L9>0,I9,"")) -> 47.6
A10: ויזה 7520 | B10: קואופ רחובות | C10: 29/01/2026 | D10: 5.9 | E10: כאל | F10: ישראל | H10: 02/02/2026 | I10: 5.9 | K10: =IF(A10>0,VLOOKUP(A10,טבלאות!$J:$K,2,0),"") -> אשראי מיכה | L10: =IF(ISERROR(VLOOKUP(B10,טבלאות!$G:$H,2,0)),"",VLOOKUP(B10,טבלאות!$G:$H,2,0)) -> מזון ומשקאות | M10: =IF(OR(L10="",L10="?"),"",IF(L10>0,I10,"")) -> 5.9
A11: ויזה 7520 | B11: מ. יוחננוף ובניו- רחובות | C11: 29/01/2026 | D11: 109.4 | E11: כאל | F11: ישראל | H11: 02/02/2026 | I11: 109.4 | K11: =IF(A11>0,VLOOKUP(A11,טבלאות!$J:$K,2,0),"") -> אשראי מיכה | L11: =IF(ISERROR(VLOOKUP(B11,טבלאות!$G:$H,2,0)),"",VLOOKUP(B11,טבלאות!$G:$H,2,0)) -> מזון ומשקאות | M11: =IF(OR(L11="",L11="?"),"",IF(L11>0,I11,"")) -> 109.4
A12: ויזה 7520 | B12: דוכן הפרדסן מקס איט ניכיו | C12: 29/01/2026 | D12: 65.92 | E12: כאל | F12: ישראל | H12: 02/02/2026 | I12: 65.92 | K12: =IF(A12>0,VLOOKUP(A12,טבלאות!$J:$K,2,0),"") -> אשראי מיכה | L12: =IF(ISERROR(VLOOKUP(B12,טבלאות!$G:$H,2,0)),"",VLOOKUP(B12,טבלאות!$G:$H,2,0)) -> מזון ומשקאות | M12: =IF(OR(L12="",L12="?"),"",IF(L12>0,I12,"")) -> 65.92
A13: ויזה 7520 | B13: גפניקה רחובות | C13: 29/01/2026 | D13: 74 | E13: כאל | F13: ישראל | H13: 02/02/2026 | I13: 74 | K13: =IF(A13>0,VLOOKUP(A13,טבלאות!$J:$K,2,0),"") -> אשראי מיכה | L13: =IF(ISERROR(VLOOKUP(B13,טבלאות!$G:$H,2,0)),"",VLOOKUP(B13,טבלאות!$G:$H,2,0)) -> בילוי ומסעדות | M13: =IF(OR(L13="",L13="?"),"",IF(L13>0,I13,"")) -> 74
A14: ויזה 7520 | B14: PAYPAL *ALIPAYSINGA | C14: 29/01/2026 | D14: -12.49 | E14: כאל | F14: זיכוי-חו"ל | G14: סינגפור בגין עסקה שבוצעה במזהה כרטיס אינטרנט 4470 | H14: 02/02/2026 | I14: -12.49 | K14: =IF(A14>0,VLOOKUP(A14,טבלאות!$J:$K,2,0),"") -> אשראי מיכה | L14: =IF(ISERROR(VLOOKUP(B14,טבלאות!$G:$H,2,0)),"",VLOOKUP(B14,טבלאות!$G:$H,2,0)) -> מוצרי חשמל ותקשורת | M14: =IF(OR(L14="",L14="?"),"",IF(L14>0,I14,"")) -> -12.49
A15: ויזה 7520 | B15: כלל ביטוח חיים הו"ק | C15: 28/01/2026 | D15: 80 | E15: כאל | F15: ישראל | G15: הוראת קבע | H15: 02/02/2026 | I15: 80 | K15: =IF(A15>0,VLOOKUP(A15,טבלאות!$J:$K,2,0),"") -> אשראי מיכה | L15: =IF(ISERROR(VLOOKUP(B15,טבלאות!$G:$H,2,0)),"",VLOOKUP(B15,טבלאות!$G:$H,2,0)) -> ביטוח | M15: =IF(OR(L15="",L15="?"),"",IF(L15>0,I15,"")) -> 80
A16: ויזה 7520 | B16: גולן טלקום | C16: 28/01/2026 | D16: 134.24 | E16: כאל | F16: ישראל | G16: הוראת קבע | H16: 02/02/2026 | I16: 134.24 | K16: =IF(A16>0,VLOOKUP(A16,טבלאות!$J:$K,2,0),"") -> אשראי מיכה | L16: =IF(ISERROR(VLOOKUP(B16,טבלאות!$G:$H,2,0)),"",VLOOKUP(B16,טבלאות!$G:$H,2,0)) -> מוצרי חשמל ותקשורת | M16: =IF(OR(L16="",L16="?"),"",IF(L16>0,I16,"")) -> 134.24
A17: ויזה 3669 | B17: PAYBOX | C17: 28/01/2026 | D17: 260 | E17: כאל | F17: ישראל | G17: העברה לשרית קרת עבור שיעורים אמיר והילה | H17: 02/02/2026 | I17: 260 | K17: =IF(A17>0,VLOOKUP(A17,טבלאות!$J:$K,2,0),"") -> אשראי אורנה | L17: =IF(ISERROR(VLOOKUP(B17,טבלאות!$G:$H,2,0)),"",VLOOKUP(B17,טבלאות!$G:$H,2,0)) -> חוגים | M17: =IF(OR(L17="",L17="?"),"",IF(L17>0,I17,"")) -> 260
A18: ויזה 7520 | B18: CELLO | C18: 27/01/2026 | D18: 243.74 | E18: כאל | F18: ישראל | G18: הוראת קבע | H18: 02/02/2026 | I18: 243.74 | K18: =IF(A18>0,VLOOKUP(A18,טבלאות!$J:$K,2,0),"") -> אשראי מיכה | L18: =IF(ISERROR(VLOOKUP(B18,טבלאות!$G:$H,2,0)),"",VLOOKUP(B18,טבלאות!$G:$H,2,0)) -> רכב ותחבורה | M18: =IF(OR(L18="",L18="?"),"",IF(L18>0,I18,"")) -> 243.74
A19: ויזה 7520 | B19: גליקסמן שיווק ביצים | C19: 27/01/2026 | D19: 72 | E19: כאל | F19: ישראל | H19: 02/02/2026 | I19: 72 | K19: =IF(A19>0,VLOOKUP(A19,טבלאות!$J:$K,2,0),"") -> אשראי מיכה | L19: =IF(ISERROR(VLOOKUP(B19,טבלאות!$G:$H,2,0)),"",VLOOKUP(B19,טבלאות!$G:$H,2,0)) -> מזון ומשקאות | M19: =IF(OR(L19="",L19="?"),"",IF(L19>0,I19,"")) -> 72
A20: ויזה 7520 | B20: מ. יוחננוף ובניו- רחובות | C20: 27/01/2026 | D20: 799.82 | E20: כאל | F20: ישראל | H20: 02/02/2026 | I20: 799.82 | K20: =IF(A20>0,VLOOKUP(A20,טבלאות!$J:$K,2,0),"") -> אשראי מיכה | L20: =IF(ISERROR(VLOOKUP(B20,טבלאות!$G:$H,2,0)),"",VLOOKUP(B20,טבלאות!$G:$H,2,0)) -> מזון ומשקאות | M20: =IF(OR(L20="",L20="?"),"",IF(L20>0,I20,"")) -> 799.82
A21: ויזה 3669 | B21: העברה ב BIT בנה"פ | C21: 26/01/2026 | D21: 100 | E21: כאל | F21: ישראל | G21: העברה למרשה דוידוביץ | H21: 02/02/2026 | I21: 100 | K21: =IF(A21>0,VLOOKUP(A21,טבלאות!$J:$K,2,0),"") -> אשראי אורנה | L21: =IF(ISERROR(VLOOKUP(B21,טבלאות!$G:$H,2,0)),"",VLOOKUP(B21,טבלאות!$G:$H,2,0)) -> חוגים | M21: =IF(OR(L21="",L21="?"),"",IF(L21>0,I21,"")) -> 100
A22: ויזה 3669 | B22: חיוך נדיר | C22: 26/01/2026 | D22: 20 | E22: כאל | F22: ישראל | H22: 02/02/2026 | I22: 20 | K22: =IF(A22>0,VLOOKUP(A22,טבלאות!$J:$K,2,0),"") -> אשראי אורנה | L22: מזון ומשקאות | M22: =IF(OR(L22="",L22="?"),"",IF(L22>0,I22,"")) -> 20
A23: ויזה 3669 | B23: הראל ביטוח חיים | C23: 26/01/2026 | D23: 56.93 | E23: כאל | F23: ישראל | G23: הוראת קבע | H23: 02/02/2026 | I23: 56.93 | K23: =IF(A23>0,VLOOKUP(A23,טבלאות!$J:$K,2,0),"") -> אשראי אורנה | L23: =IF(ISERROR(VLOOKUP(B23,טבלאות!$G:$H,2,0)),"",VLOOKUP(B23,טבלאות!$G:$H,2,0)) -> ביטוח | M23: =IF(OR(L23="",L23="?"),"",IF(L23>0,I23,"")) -> 56.93
A24: ויזה 3669 | B24: מחסני השוק רחובות הנשיא | C24: 26/01/2026 | D24: 105.42 | E24: כאל | F24: ישראל | H24: 02/02/2026 | I24: 105.42 | K24: =IF(A24>0,VLOOKUP(A24,טבלאות!$J:$K,2,0),"") -> אשראי אורנה | L24: =IF(ISERROR(VLOOKUP(B24,טבלאות!$G:$H,2,0)),"",VLOOKUP(B24,טבלאות!$G:$H,2,0)) -> מזון ומשקאות | M24: =IF(OR(L24="",L24="?"),"",IF(L24>0,I24,"")) -> 105.42
A25: ויזה 7520 | B25: PAYPAL *AISGECOMMER | C25: 24/01/2026 | D25: 295.5 | E25: כאל | F25: חו"ל | G25: סינגפור . מזהה כרטיס אינטרנט 4470 | H25: 02/02/2026 | I25: 295.5 | K25: =IF(A25>0,VLOOKUP(A25,טבלאות!$J:$K,2,0),"") -> אשראי מיכה | L25: =IF(ISERROR(VLOOKUP(B25,טבלאות!$G:$H,2,0)),"",VLOOKUP(B25,טבלאות!$G:$H,2,0)) -> מתנות ומזכרות | M25: =IF(OR(L25="",L25="?"),"",IF(L25>0,I25,"")) -> 295.5
A26: ויזה 7520 | B26: BIT | C26: 23/01/2026 | D26: 42 | E26: כאל | F26: חו"ל | G26: ישראל . העברה למקסים חנדרוס | H26: 02/02/2026 | I26: 42 | K26: =IF(A26>0,VLOOKUP(A26,טבלאות!$J:$K,2,0),"") -> אשראי מיכה | L26: =IF(ISERROR(VLOOKUP(B26,טבלאות!$G:$H,2,0)),"",VLOOKUP(B26,טבלאות!$G:$H,2,0)) -> מתנות ומזכרות | M26: =IF(OR(L26="",L26="?"),"",IF(L26>0,I26,"")) -> 42
A27: ויזה 7520 | B27: קואופ רחובות | C27: 23/01/2026 | D27: 34.7 | E27: כאל | F27: ישראל | H27: 02/02/2026 | I27: 34.7 | K27: =IF(A27>0,VLOOKUP(A27,טבלאות!$J:$K,2,0),"") -> אשראי מיכה | L27: =IF(ISERROR(VLOOKUP(B27,טבלאות!$G:$H,2,0)),"",VLOOKUP(B27,טבלאות!$G:$H,2,0)) -> מזון ומשקאות | M27: =IF(OR(L27="",L27="?"),"",IF(L27>0,I27,"")) -> 34.7
A28: ויזה 7520 | B28: שרותי בריאות כללית הו"ק | C28: 22/01/2026 | D28: 68.39 | E28: כאל | F28: ישראל | G28: הוראת קבע | H28: 02/02/2026 | I28: 68.39 | K28: =IF(A28>0,VLOOKUP(A28,טבלאות!$J:$K,2,0),"") -> אשראי מיכה | L28: =IF(ISERROR(VLOOKUP(B28,טבלאות!$G:$H,2,0)),"",VLOOKUP(B28,טבלאות!$G:$H,2,0)) -> בריאות | M28: =IF(OR(L28="",L28="?"),"",IF(L28>0,I28,"")) -> 68.39
A29: ויזה 7520 | B29: סעוד הראל -כללית | C29: 22/01/2026 | D29: 128.24 | E29: כאל | F29: ישראל | G29: הוראת קבע | H29: 02/02/2026 | I29: 128.24 | K29: =IF(A29>0,VLOOKUP(A29,טבלאות!$J:$K,2,0),"") -> אשראי מיכה | L29: =IF(ISERROR(VLOOKUP(B29,טבלאות!$G:$H,2,0)),"",VLOOKUP(B29,טבלאות!$G:$H,2,0)) -> בריאות | M29: =IF(OR(L29="",L29="?"),"",IF(L29>0,I29,"")) -> 128.24
A30: ויזה 7520 | B30: מ. יוחננוף ובניו- רחובות | C30: 22/01/2026 | D30: 199.01 | E30: כאל | F30: ישראל | H30: 02/02/2026 | I30: 199.01 | K30: =IF(A30>0,VLOOKUP(A30,טבלאות!$J:$K,2,0),"") -> אשראי מיכה | L30: =IF(ISERROR(VLOOKUP(B30,טבלאות!$G:$H,2,0)),"",VLOOKUP(B30,טבלאות!$G:$H,2,0)) -> מזון ומשקאות | M30: =IF(OR(L30="",L30="?"),"",IF(L30>0,I30,"")) -> 199.01
A31: ויזה 7520 | B31: לחייל ולטייל-צמרת | C31: 22/01/2026 | D31: 19.9 | E31: כאל | F31: ישראל | H31: 02/02/2026 | I31: 19.9 | K31: =IF(A31>0,VLOOKUP(A31,טבלאות!$J:$K,2,0),"") -> אשראי מיכה | L31: =IF(ISERROR(VLOOKUP(B31,טבלאות!$G:$H,2,0)),"",VLOOKUP(B31,טבלאות!$G:$H,2,0)) -> נופש | M31: =IF(OR(L31="",L31="?"),"",IF(L31>0,I31,"")) -> 19.9
A32: ויזה 7520 | B32: דוכן הפרדסן מקס איט ניכיו | C32: 22/01/2026 | D32: 57.1 | E32: כאל | F32: ישראל | H32: 02/02/2026 | I32: 57.1 | K32: =IF(A32>0,VLOOKUP(A32,טבלאות!$J:$K,2,0),"") -> אשראי מיכה | L32: =IF(ISERROR(VLOOKUP(B32,טבלאות!$G:$H,2,0)),"",VLOOKUP(B32,טבלאות!$G:$H,2,0)) -> מזון ומשקאות | M32: =IF(OR(L32="",L32="?"),"",IF(L32>0,I32,"")) -> 57.1
A33: ויזה 3669 | B33: חיוך נדיר | C33: 22/01/2026 | D33: 20 | E33: כאל | F33: ישראל | H33: 02/02/2026 | I33: 20 | K33: =IF(A33>0,VLOOKUP(A33,טבלאות!$J:$K,2,0),"") -> אשראי אורנה | L33: מזון ומשקאות | M33: =IF(OR(L33="",L33="?"),"",IF(L33>0,I33,"")) -> 20
A34: ויזה 3669 | B34: חיוך נדיר | C34: 22/01/2026 | D34: 20 | E34: כאל | F34: ישראל | H34: 02/02/2026 | I34: 20 | K34: =IF(A34>0,VLOOKUP(A34,טבלאות!$J:$K,2,0),"") -> אשראי אורנה | L34: מזון ומשקאות | M34: =IF(OR(L34="",L34="?"),"",IF(L34>0,I34,"")) -> 20
A35: ויזה 7520 | B35: רשות האוכלוסין וההגירה ת | C35: 21/01/2026 | D35: 110 | E35: כאל | F35: ישראל | H35: 02/02/2026 | I35: 110 | K35: =IF(A35>0,VLOOKUP(A35,טבלאות!$J:$K,2,0),"") -> אשראי מיכה | L35: =IF(ISERROR(VLOOKUP(B35,טבלאות!$G:$H,2,0)),"",VLOOKUP(B35,טבלאות!$G:$H,2,0)) -> נופש | M35: =IF(OR(L35="",L35="?"),"",IF(L35>0,I35,"")) -> 110
A36: ויזה 7520 | B36: רשות האוכלוסין וההגירה ת | C36: 21/01/2026 | D36: 110 | E36: כאל | F36: ישראל | H36: 02/02/2026 | I36: 110 | K36: =IF(A36>0,VLOOKUP(A36,טבלאות!$J:$K,2,0),"") -> אשראי מיכה | L36: =IF(ISERROR(VLOOKUP(B36,טבלאות!$G:$H,2,0)),"",VLOOKUP(B36,טבלאות!$G:$H,2,0)) -> נופש | M36: =IF(OR(L36="",L36="?"),"",IF(L36>0,I36,"")) -> 110
A37: ויזה 7520 | B37: מ. יוחננוף ובניו- רחובות | C37: 21/01/2026 | D37: 104.64 | E37: כאל | F37: ישראל | H37: 02/02/2026 | I37: 104.64 | K37: =IF(A37>0,VLOOKUP(A37,טבלאות!$J:$K,2,0),"") -> אשראי מיכה | L37: =IF(ISERROR(VLOOKUP(B37,טבלאות!$G:$H,2,0)),"",VLOOKUP(B37,טבלאות!$G:$H,2,0)) -> מזון ומשקאות | M37: =IF(OR(L37="",L37="?"),"",IF(L37>0,I37,"")) -> 104.64
A38: ויזה 3669 | B38: PAYBOX | C38: 21/01/2026 | D38: 260 | E38: כאל | F38: ישראל | G38: העברה לשרית קרת עבור שיעורים אמיר והילה | H38: 02/02/2026 | I38: 260 | K38: =IF(A38>0,VLOOKUP(A38,טבלאות!$J:$K,2,0),"") -> אשראי אורנה | L38: =IF(ISERROR(VLOOKUP(B38,טבלאות!$G:$H,2,0)),"",VLOOKUP(B38,טבלאות!$G:$H,2,0)) -> חוגים | M38: =IF(OR(L38="",L38="?"),"",IF(L38>0,I38,"")) -> 260
A39: ויזה 7520 | B39: אופיס דיפו - נס ציונה | C39: 20/01/2026 | D39: 369.9 | E39: כאל | F39: ישראל | H39: 02/02/2026 | I39: 369.9 | K39: =IF(A39>0,VLOOKUP(A39,טבלאות!$J:$K,2,0),"") -> אשראי מיכה | L39: =IF(ISERROR(VLOOKUP(B39,טבלאות!$G:$H,2,0)),"",VLOOKUP(B39,טבלאות!$G:$H,2,0)) -> מתנות ומזכרות | M39: =IF(OR(L39="",L39="?"),"",IF(L39>0,I39,"")) -> 369.9
A40: ויזה 7520 | B40: גליקסמן שיווק ביצים | C40: 20/01/2026 | D40: 72 | E40: כאל | F40: ישראל | H40: 02/02/2026 | I40: 72 | K40: =IF(A40>0,VLOOKUP(A40,טבלאות!$J:$K,2,0),"") -> אשראי מיכה | L40: =IF(ISERROR(VLOOKUP(B40,טבלאות!$G:$H,2,0)),"",VLOOKUP(B40,טבלאות!$G:$H,2,0)) -> מזון ומשקאות | M40: =IF(OR(L40="",L40="?"),"",IF(L40>0,I40,"")) -> 72
A41: ויזה 7520 | B41: מ. יוחננוף ובניו- רחובות | C41: 20/01/2026 | D41: 638.36 | E41: כאל | F41: ישראל | H41: 02/02/2026 | I41: 638.36 | K41: =IF(A41>0,VLOOKUP(A41,טבלאות!$J:$K,2,0),"") -> אשראי מיכה | L41: =IF(ISERROR(VLOOKUP(B41,טבלאות!$G:$H,2,0)),"",VLOOKUP(B41,טבלאות!$G:$H,2,0)) -> מזון ומשקאות | M41: =IF(OR(L41="",L41="?"),"",IF(L41>0,I41,"")) -> 638.36
A42: ויזה 7520 | B42: לשכת טכנולוגיות המידע ביש | C42: 20/01/2026 | D42: -150 | E42: כאל | F42: זיכוי-ישראל | H42: 02/02/2026 | I42: -150 | K42: =IF(A42>0,VLOOKUP(A42,טבלאות!$J:$K,2,0),"") -> אשראי מיכה | L42: =IF(ISERROR(VLOOKUP(B42,טבלאות!$G:$H,2,0)),"",VLOOKUP(B42,טבלאות!$G:$H,2,0)) -> חינוך ומשפחה | M42: =IF(OR(L42="",L42="?"),"",IF(L42>0,I42,"")) -> -150
A43: ויזה 3669 | B43: בזק הוראות קבע | C43: 20/01/2026 | D43: 163.45 | E43: כאל | F43: ישראל | G43: הוראת קבע | H43: 02/02/2026 | I43: 163.45 | K43: =IF(A43>0,VLOOKUP(A43,טבלאות!$J:$K,2,0),"") -> אשראי אורנה | L43: =IF(ISERROR(VLOOKUP(B43,טבלאות!$G:$H,2,0)),"",VLOOKUP(B43,טבלאות!$G:$H,2,0)) -> מוצרי חשמל ותקשורת | M43: =IF(OR(L43="",L43="?"),"",IF(L43>0,I43,"")) -> 163.45
A44: ויזה 7520 | B44: חצות מודיעין בע"מ | C44: 19/01/2026 | D44: 71 | E44: כאל | F44: ישראל | H44: 02/02/2026 | I44: 71 | K44: =IF(A44>0,VLOOKUP(A44,טבלאות!$J:$K,2,0),"") -> אשראי מיכה | L44: =IF(ISERROR(VLOOKUP(B44,טבלאות!$G:$H,2,0)),"",VLOOKUP(B44,טבלאות!$G:$H,2,0)) -> בילוי ומסעדות | M44: =IF(OR(L44="",L44="?"),"",IF(L44>0,I44,"")) -> 71
A45: ויזה 7520 | B45: קולינאריק - מודיעין | C45: 19/01/2026 | D45: 25.9 | E45: כאל | F45: ישראל | H45: 02/02/2026 | I45: 25.9 | K45: =IF(A45>0,VLOOKUP(A45,טבלאות!$J:$K,2,0),"") -> אשראי מיכה | L45: =IF(ISERROR(VLOOKUP(B45,טבלאות!$G:$H,2,0)),"",VLOOKUP(B45,טבלאות!$G:$H,2,0)) -> מזון ומשקאות | M45: =IF(OR(L45="",L45="?"),"",IF(L45>0,I45,"")) -> 25.9
A46: ויזה 7520 | B46: PAYPAL *ZWIFT | C46: 18/01/2026 | D46: 64.73 | E46: כאל | F46: חו"ל | G46: הוראת קבע ארצות הברית . מזהה כרטיס אינטרנט 4470 | H46: 02/02/2026 | I46: 64.73 | K46: =IF(A46>0,VLOOKUP(A46,טבלאות!$J:$K,2,0),"") -> אשראי מיכה | L46: =IF(ISERROR(VLOOKUP(B46,טבלאות!$G:$H,2,0)),"",VLOOKUP(B46,טבלאות!$G:$H,2,0)) -> בית וגן | M46: =IF(OR(L46="",L46="?"),"",IF(L46>0,I46,"")) -> 64.73
A47: ויזה 7520 | B47: סנטר 1 שערי ירושלים בעמ | C47: 18/01/2026 | D47: 90 | E47: כאל | F47: ישראל | H47: 02/02/2026 | I47: 90 | K47: =IF(A47>0,VLOOKUP(A47,טבלאות!$J:$K,2,0),"") -> אשראי מיכה | L47: =IF(ISERROR(VLOOKUP(B47,טבלאות!$G:$H,2,0)),"",VLOOKUP(B47,טבלאות!$G:$H,2,0)) -> רכב ותחבורה | M47: =IF(OR(L47="",L47="?"),"",IF(L47>0,I47,"")) -> 90
A48: ויזה 7520 | B48: שיבולת השרון | C48: 18/01/2026 | D48: 15.9 | E48: כאל | F48: ישראל | H48: 02/02/2026 | I48: 15.9 | K48: =IF(A48>0,VLOOKUP(A48,טבלאות!$J:$K,2,0),"") -> אשראי מיכה | L48: =IF(ISERROR(VLOOKUP(B48,טבלאות!$G:$H,2,0)),"",VLOOKUP(B48,טבלאות!$G:$H,2,0)) -> מזון ומשקאות | M48: =IF(OR(L48="",L48="?"),"",IF(L48>0,I48,"")) -> 15.9
A49: ויזה 3669 | B49: העברה ב BIT בנה"פ | C49: 18/01/2026 | D49: 100 | E49: כאל | F49: ישראל | G49: העברה למרשה דוידוביץ | H49: 02/02/2026 | I49: 100 | K49: =IF(A49>0,VLOOKUP(A49,טבלאות!$J:$K,2,0),"") -> אשראי אורנה | L49: =IF(ISERROR(VLOOKUP(B49,טבלאות!$G:$H,2,0)),"",VLOOKUP(B49,טבלאות!$G:$H,2,0)) -> חוגים | M49: =IF(OR(L49="",L49="?"),"",IF(L49>0,I49,"")) -> 100
A50: ויזה 7520 | B50: טיב טעם רשתות רחובות | C50: 17/01/2026 | D50: 27.67 | E50: כאל | F50: ישראל | H50: 02/02/2026 | I50: 27.67 | K50: =IF(A50>0,VLOOKUP(A50,טבלאות!$J:$K,2,0),"") -> אשראי מיכה | L50: =IF(ISERROR(VLOOKUP(B50,טבלאות!$G:$H,2,0)),"",VLOOKUP(B50,טבלאות!$G:$H,2,0)) -> מזון ומשקאות | M50: =IF(OR(L50="",L50="?"),"",IF(L50>0,I50,"")) -> 27.67
A51: ויזה 7520 | B51: דוכן הפרדסן מקס איט ניכיו | C51: 17/01/2026 | D51: 26.57 | E51: כאל | F51: ישראל | H51: 02/02/2026 | I51: 26.57 | K51: =IF(A51>0,VLOOKUP(A51,טבלאות!$J:$K,2,0),"") -> אשראי מיכה | L51: =IF(ISERROR(VLOOKUP(B51,טבלאות!$G:$H,2,0)),"",VLOOKUP(B51,טבלאות!$G:$H,2,0)) -> מזון ומשקאות | M51: =IF(OR(L51="",L51="?"),"",IF(L51>0,I51,"")) -> 26.57
A52: ויזה 7520 | B52: קואופ רחובות | C52: 16/01/2026 | D52: 130.55 | E52: כאל | F52: ישראל | H52: 02/02/2026 | I52: 130.55 | K52: =IF(A52>0,VLOOKUP(A52,טבלאות!$J:$K,2,0),"") -> אשראי מיכה | L52: =IF(ISERROR(VLOOKUP(B52,טבלאות!$G:$H,2,0)),"",VLOOKUP(B52,טבלאות!$G:$H,2,0)) -> מזון ומשקאות | M52: =IF(OR(L52="",L52="?"),"",IF(L52>0,I52,"")) -> 130.55
A53: ויזה 7520 | B53: מרכז הפרחים בנצי רחובות | C53: 16/01/2026 | D53: 40 | E53: כאל | F53: ישראל | H53: 02/02/2026 | I53: 40 | K53: =IF(A53>0,VLOOKUP(A53,טבלאות!$J:$K,2,0),"") -> אשראי מיכה | L53: =IF(ISERROR(VLOOKUP(B53,טבלאות!$G:$H,2,0)),"",VLOOKUP(B53,טבלאות!$G:$H,2,0)) -> בית וגן | M53: =IF(OR(L53="",L53="?"),"",IF(L53>0,I53,"")) -> 40
A54: ויזה 7520 | B54: גליקסמן שיווק ביצים | C54: 15/01/2026 | D54: 72 | E54: כאל | F54: ישראל | H54: 02/02/2026 | I54: 72 | K54: =IF(A54>0,VLOOKUP(A54,טבלאות!$J:$K,2,0),"") -> אשראי מיכה | L54: =IF(ISERROR(VLOOKUP(B54,טבלאות!$G:$H,2,0)),"",VLOOKUP(B54,טבלאות!$G:$H,2,0)) -> מזון ומשקאות | M54: =IF(OR(L54="",L54="?"),"",IF(L54>0,I54,"")) -> 72
A55: ויזה 7520 | B55: המשביר רחובות | C55: 15/01/2026 | D55: 268.9 | E55: כאל | F55: ישראל | H55: 02/02/2026 | I55: 268.9 | K55: =IF(A55>0,VLOOKUP(A55,טבלאות!$J:$K,2,0),"") -> אשראי מיכה | L55: =IF(ISERROR(VLOOKUP(B55,טבלאות!$G:$H,2,0)),"",VLOOKUP(B55,טבלאות!$G:$H,2,0)) -> ביגוד והנעלה | M55: =IF(OR(L55="",L55="?"),"",IF(L55>0,I55,"")) -> 268.9
A56: ויזה 7520 | B56: המשביר רחובות | C56: 15/01/2026 | D56: 403.87 | E56: כאל | F56: ישראל | H56: 02/02/2026 | I56: 403.87 | K56: =IF(A56>0,VLOOKUP(A56,טבלאות!$J:$K,2,0),"") -> אשראי מיכה | L56: =IF(ISERROR(VLOOKUP(B56,טבלאות!$G:$H,2,0)),"",VLOOKUP(B56,טבלאות!$G:$H,2,0)) -> ביגוד והנעלה | M56: =IF(OR(L56="",L56="?"),"",IF(L56>0,I56,"")) -> 403.87
A57: ויזה 7520 | B57: המשביר רחובות | C57: 15/01/2026 | D57: 348.95 | E57: כאל | F57: ישראל | H57: 02/02/2026 | I57: 348.95 | K57: =IF(A57>0,VLOOKUP(A57,טבלאות!$J:$K,2,0),"") -> אשראי מיכה | L57: =IF(ISERROR(VLOOKUP(B57,טבלאות!$G:$H,2,0)),"",VLOOKUP(B57,טבלאות!$G:$H,2,0)) -> ביגוד והנעלה | M57: =IF(OR(L57="",L57="?"),"",IF(L57>0,I57,"")) -> 348.95
A58: ויזה 3669 | B58: תשלום ועד בית | C58: 15/01/2026 | D58: 350 | E58: כאל | F58: ישראל | H58: 02/02/2026 | I58: 350 | K58: =IF(A58>0,VLOOKUP(A58,טבלאות!$J:$K,2,0),"") -> אשראי אורנה | L58: =IF(ISERROR(VLOOKUP(B58,טבלאות!$G:$H,2,0)),"",VLOOKUP(B58,טבלאות!$G:$H,2,0)) -> בית וגן | M58: =IF(OR(L58="",L58="?"),"",IF(L58>0,I58,"")) -> 350
A59: ויזה 3669 | B59: המשביר רחובות | C59: 15/01/2026 | D59: 228.88 | E59: כאל | F59: ישראל | H59: 02/02/2026 | I59: 228.88 | K59: =IF(A59>0,VLOOKUP(A59,טבלאות!$J:$K,2,0),"") -> אשראי אורנה | L59: =IF(ISERROR(VLOOKUP(B59,טבלאות!$G:$H,2,0)),"",VLOOKUP(B59,טבלאות!$G:$H,2,0)) -> ביגוד והנעלה | M59: =IF(OR(L59="",L59="?"),"",IF(L59>0,I59,"")) -> 228.88
A60: ויזה 7520 | B60: לשכת טכנולוגיות המידע ביש | C60: 14/01/2026 | D60: 150 | E60: כאל | F60: ישראל | H60: 02/02/2026 | I60: 150 | K60: =IF(A60>0,VLOOKUP(A60,טבלאות!$J:$K,2,0),"") -> אשראי מיכה | L60: =IF(ISERROR(VLOOKUP(B60,טבלאות!$G:$H,2,0)),"",VLOOKUP(B60,טבלאות!$G:$H,2,0)) -> חינוך ומשפחה | M60: =IF(OR(L60="",L60="?"),"",IF(L60>0,I60,"")) -> 150
A61: ויזה 3669 | B61: PAYBOX | C61: 14/01/2026 | D61: 260 | E61: כאל | F61: ישראל | G61: העברה לשרית קרת עבור שיעורים אמיר והילה | H61: 02/02/2026 | I61: 260 | K61: =IF(A61>0,VLOOKUP(A61,טבלאות!$J:$K,2,0),"") -> אשראי אורנה | L61: =IF(ISERROR(VLOOKUP(B61,טבלאות!$G:$H,2,0)),"",VLOOKUP(B61,טבלאות!$G:$H,2,0)) -> חוגים | M61: =IF(OR(L61="",L61="?"),"",IF(L61>0,I61,"")) -> 260
A62: ויזה 7520 | B62: מ. יוחננוף ובניו- רחובות | C62: 13/01/2026 | D62: 893.77 | E62: כאל | F62: ישראל | H62: 02/02/2026 | I62: 893.77 | K62: =IF(A62>0,VLOOKUP(A62,טבלאות!$J:$K,2,0),"") -> אשראי מיכה | L62: =IF(ISERROR(VLOOKUP(B62,טבלאות!$G:$H,2,0)),"",VLOOKUP(B62,טבלאות!$G:$H,2,0)) -> מזון ומשקאות | M62: =IF(OR(L62="",L62="?"),"",IF(L62>0,I62,"")) -> 893.77
A63: ויזה 3669 | B63: נה נה רשת חנויות כל המשפח | C63: 13/01/2026 | D63: 729.8 | E63: כאל | F63: ישראל | H63: 02/02/2026 | I63: 729.8 | K63: =IF(A63>0,VLOOKUP(A63,טבלאות!$J:$K,2,0),"") -> אשראי אורנה | L63: =IF(ISERROR(VLOOKUP(B63,טבלאות!$G:$H,2,0)),"",VLOOKUP(B63,טבלאות!$G:$H,2,0)) -> ביגוד והנעלה | M63: =IF(OR(L63="",L63="?"),"",IF(L63>0,I63,"")) -> 729.8
A64: ויזה 3669 | B64: ד"ר סגל מנדל- רופא שיניים | C64: 12/01/2026 | D64: 600 | E64: כאל | F64: ישראל | H64: 02/02/2026 | I64: 600 | K64: =IF(A64>0,VLOOKUP(A64,טבלאות!$J:$K,2,0),"") -> אשראי אורנה | L64: =IF(ISERROR(VLOOKUP(B64,טבלאות!$G:$H,2,0)),"",VLOOKUP(B64,טבלאות!$G:$H,2,0)) -> בריאות | M64: =IF(OR(L64="",L64="?"),"",IF(L64>0,I64,"")) -> 600
A65: ויזה 7520 | B65: זול סטוק יפו | C65: 11/01/2026 | D65: 47.7 | E65: כאל | F65: ישראל | H65: 02/02/2026 | I65: 47.7 | K65: =IF(A65>0,VLOOKUP(A65,טבלאות!$J:$K,2,0),"") -> אשראי מיכה | L65: =IF(ISERROR(VLOOKUP(B65,טבלאות!$G:$H,2,0)),"",VLOOKUP(B65,טבלאות!$G:$H,2,0)) -> בית וגן | M65: =IF(OR(L65="",L65="?"),"",IF(L65>0,I65,"")) -> 47.7
A66: ויזה 7520 | B66: סנטר 1 שערי ירושלים בעמ | C66: 11/01/2026 | D66: 90 | E66: כאל | F66: ישראל | H66: 02/02/2026 | I66: 90 | K66: =IF(A66>0,VLOOKUP(A66,טבלאות!$J:$K,2,0),"") -> אשראי מיכה | L66: =IF(ISERROR(VLOOKUP(B66,טבלאות!$G:$H,2,0)),"",VLOOKUP(B66,טבלאות!$G:$H,2,0)) -> רכב ותחבורה | M66: =IF(OR(L66="",L66="?"),"",IF(L66>0,I66,"")) -> 90
A67: ויזה 7520 | B67: דוכן הפרדסן מקס איט ניכיו | C67: 10/01/2026 | D67: 40 | E67: כאל | F67: ישראל | H67: 02/02/2026 | I67: 40 | K67: =IF(A67>0,VLOOKUP(A67,טבלאות!$J:$K,2,0),"") -> אשראי מיכה | L67: =IF(ISERROR(VLOOKUP(B67,טבלאות!$G:$H,2,0)),"",VLOOKUP(B67,טבלאות!$G:$H,2,0)) -> מזון ומשקאות | M67: =IF(OR(L67="",L67="?"),"",IF(L67>0,I67,"")) -> 40
A68: ויזה 7520 | B68: טיב טעם רשתות רחובות | C68: 10/01/2026 | D68: 106 | E68: כאל | F68: ישראל | H68: 02/02/2026 | I68: 106 | K68: =IF(A68>0,VLOOKUP(A68,טבלאות!$J:$K,2,0),"") -> אשראי מיכה | L68: =IF(ISERROR(VLOOKUP(B68,טבלאות!$G:$H,2,0)),"",VLOOKUP(B68,טבלאות!$G:$H,2,0)) -> מזון ומשקאות | M68: =IF(OR(L68="",L68="?"),"",IF(L68>0,I68,"")) -> 106
A69: ויזה 7520 | B69: קואופ רחובות | C69: 09/01/2026 | D69: 63.8 | E69: כאל | F69: ישראל | H69: 02/02/2026 | I69: 63.8 | K69: =IF(A69>0,VLOOKUP(A69,טבלאות!$J:$K,2,0),"") -> אשראי מיכה | L69: =IF(ISERROR(VLOOKUP(B69,טבלאות!$G:$H,2,0)),"",VLOOKUP(B69,טבלאות!$G:$H,2,0)) -> מזון ומשקאות | M69: =IF(OR(L69="",L69="?"),"",IF(L69>0,I69,"")) -> 63.8
A70: ויזה 7520 | B70: טיב טעם רשתות רחובות | C70: 09/01/2026 | D70: 39.8 | E70: כאל | F70: ישראל | H70: 02/02/2026 | I70: 39.8 | K70: =IF(A70>0,VLOOKUP(A70,טבלאות!$J:$K,2,0),"") -> אשראי מיכה | L70: =IF(ISERROR(VLOOKUP(B70,טבלאות!$G:$H,2,0)),"",VLOOKUP(B70,טבלאות!$G:$H,2,0)) -> מזון ומשקאות | M70: =IF(OR(L70="",L70="?"),"",IF(L70>0,I70,"")) -> 39.8
A71: ויזה 7520 | B71: PAYBOX | C71: 08/01/2026 | D71: 30 | E71: כאל | F71: חו"ל | G71: ישראל . העברה ליום הולדת לשני | H71: 02/02/2026 | I71: 30 | K71: =IF(A71>0,VLOOKUP(A71,טבלאות!$J:$K,2,0),"") -> אשראי מיכה | L71: =IF(ISERROR(VLOOKUP(B71,טבלאות!$G:$H,2,0)),"",VLOOKUP(B71,טבלאות!$G:$H,2,0)) -> חוגים | M71: =IF(OR(L71="",L71="?"),"",IF(L71>0,I71,"")) -> 30
A72: ויזה 7520 | B72: מ. יוחננוף ובניו- רחובות | C72: 08/01/2026 | D72: 279.63 | E72: כאל | F72: ישראל | H72: 02/02/2026 | I72: 279.63 | K72: =IF(A72>0,VLOOKUP(A72,טבלאות!$J:$K,2,0),"") -> אשראי מיכה | L72: =IF(ISERROR(VLOOKUP(B72,טבלאות!$G:$H,2,0)),"",VLOOKUP(B72,טבלאות!$G:$H,2,0)) -> מזון ומשקאות | M72: =IF(OR(L72="",L72="?"),"",IF(L72>0,I72,"")) -> 279.63
A73: ויזה 7520 | B73: טיב טעם רשתות רחובות | C73: 08/01/2026 | D73: 95.7 | E73: כאל | F73: ישראל | H73: 02/02/2026 | I73: 95.7 | K73: =IF(A73>0,VLOOKUP(A73,טבלאות!$J:$K,2,0),"") -> אשראי מיכה | L73: =IF(ISERROR(VLOOKUP(B73,טבלאות!$G:$H,2,0)),"",VLOOKUP(B73,טבלאות!$G:$H,2,0)) -> מזון ומשקאות | M73: =IF(OR(L73="",L73="?"),"",IF(L73>0,I73,"")) -> 95.7
A74: ויזה 7520 | B74: סופר פארם הרצל רחובות | C74: 08/01/2026 | D74: 19.9 | E74: כאל | F74: ישראל | H74: 02/02/2026 | I74: 19.9 | K74: =IF(A74>0,VLOOKUP(A74,טבלאות!$J:$K,2,0),"") -> אשראי מיכה | L74: =IF(ISERROR(VLOOKUP(B74,טבלאות!$G:$H,2,0)),"",VLOOKUP(B74,טבלאות!$G:$H,2,0)) -> בריאות | M74: =IF(OR(L74="",L74="?"),"",IF(L74>0,I74,"")) -> 19.9
A75: ויזה 7520 | B75: שרותי בריאות כללית הו"ק | C75: 06/01/2026 | D75: 32 | E75: כאל | F75: ישראל | G75: הוראת קבע | H75: 02/02/2026 | I75: 32 | K75: =IF(A75>0,VLOOKUP(A75,טבלאות!$J:$K,2,0),"") -> אשראי מיכה | L75: =IF(ISERROR(VLOOKUP(B75,טבלאות!$G:$H,2,0)),"",VLOOKUP(B75,טבלאות!$G:$H,2,0)) -> בריאות | M75: =IF(OR(L75="",L75="?"),"",IF(L75>0,I75,"")) -> 32
A76: ויזה 7520 | B76: גליקסמן שיווק ביצים | C76: 06/01/2026 | D76: 86 | E76: כאל | F76: ישראל | H76: 02/02/2026 | I76: 86 | K76: =IF(A76>0,VLOOKUP(A76,טבלאות!$J:$K,2,0),"") -> אשראי מיכה | L76: =IF(ISERROR(VLOOKUP(B76,טבלאות!$G:$H,2,0)),"",VLOOKUP(B76,טבלאות!$G:$H,2,0)) -> מזון ומשקאות | M76: =IF(OR(L76="",L76="?"),"",IF(L76>0,I76,"")) -> 86
A77: ויזה 7520 | B77: הום סנטר נס ציונה | C77: 06/01/2026 | D77: 119.8 | E77: כאל | F77: ישראל | H77: 02/02/2026 | I77: 119.8 | K77: =IF(A77>0,VLOOKUP(A77,טבלאות!$J:$K,2,0),"") -> אשראי מיכה | L77: =IF(ISERROR(VLOOKUP(B77,טבלאות!$G:$H,2,0)),"",VLOOKUP(B77,טבלאות!$G:$H,2,0)) -> בית וגן | M77: =IF(OR(L77="",L77="?"),"",IF(L77>0,I77,"")) -> 119.8
A78: ויזה 7520 | B78: מ. יוחננוף ובניו- רחובות | C78: 06/01/2026 | D78: 541.02 | E78: כאל | F78: ישראל | H78: 02/02/2026 | I78: 541.02 | K78: =IF(A78>0,VLOOKUP(A78,טבלאות!$J:$K,2,0),"") -> אשראי מיכה | L78: =IF(ISERROR(VLOOKUP(B78,טבלאות!$G:$H,2,0)),"",VLOOKUP(B78,טבלאות!$G:$H,2,0)) -> מזון ומשקאות | M78: =IF(OR(L78="",L78="?"),"",IF(L78>0,I78,"")) -> 541.02
A79: ויזה 3669 | B79: PAYBOX | C79: 06/01/2026 | D79: 130 | E79: כאל | F79: ישראל | G79: העברה לשרית קרת עבור שיעור הילה | H79: 02/02/2026 | I79: 130 | K79: =IF(A79>0,VLOOKUP(A79,טבלאות!$J:$K,2,0),"") -> אשראי אורנה | L79: =IF(ISERROR(VLOOKUP(B79,טבלאות!$G:$H,2,0)),"",VLOOKUP(B79,טבלאות!$G:$H,2,0)) -> חוגים | M79: =IF(OR(L79="",L79="?"),"",IF(L79>0,I79,"")) -> 130
A80: ויזה 7520 | B80: דוכן הפרדסן מקס איט ניכיו | C80: 05/01/2026 | D80: 31.14 | E80: כאל | F80: ישראל | H80: 02/02/2026 | I80: 31.14 | K80: =IF(A80>0,VLOOKUP(A80,טבלאות!$J:$K,2,0),"") -> אשראי מיכה | L80: =IF(ISERROR(VLOOKUP(B80,טבלאות!$G:$H,2,0)),"",VLOOKUP(B80,טבלאות!$G:$H,2,0)) -> מזון ומשקאות | M80: =IF(OR(L80="",L80="?"),"",IF(L80>0,I80,"")) -> 31.14
A81: ויזה 7520 | B81: קואופ רחובות | C81: 02/01/2026 | D81: 4.99 | E81: כאל | F81: ישראל | H81: 02/02/2026 | I81: 4.99 | K81: =IF(A81>0,VLOOKUP(A81,טבלאות!$J:$K,2,0),"") -> אשראי מיכה | L81: =IF(ISERROR(VLOOKUP(B81,טבלאות!$G:$H,2,0)),"",VLOOKUP(B81,טבלאות!$G:$H,2,0)) -> מזון ומשקאות | M81: =IF(OR(L81="",L81="?"),"",IF(L81>0,I81,"")) -> 4.99
A82: ויזה 7520 | B82: דוכן הפרדסן מקס איט ניכיו | C82: 02/01/2026 | D82: 21.29 | E82: כאל | F82: ישראל | H82: 02/02/2026 | I82: 21.29 | K82: =IF(A82>0,VLOOKUP(A82,טבלאות!$J:$K,2,0),"") -> אשראי מיכה | L82: =IF(ISERROR(VLOOKUP(B82,טבלאות!$G:$H,2,0)),"",VLOOKUP(B82,טבלאות!$G:$H,2,0)) -> מזון ומשקאות | M82: =IF(OR(L82="",L82="?"),"",IF(L82>0,I82,"")) -> 21.29
A83: ויזה 7520 | B83: סופר-פארם מרכז הנשיא רחוב | C83: 02/01/2026 | D83: 13.9 | E83: כאל | F83: ישראל | H83: 02/02/2026 | I83: 13.9 | K83: =IF(A83>0,VLOOKUP(A83,טבלאות!$J:$K,2,0),"") -> אשראי מיכה | L83: =IF(ISERROR(VLOOKUP(B83,טבלאות!$G:$H,2,0)),"",VLOOKUP(B83,טבלאות!$G:$H,2,0)) -> בריאות | M83: =IF(OR(L83="",L83="?"),"",IF(L83>0,I83,"")) -> 13.9
A84: ויזה 7520 | B84: Google CLOUD Fv5GJR | C84: 01/01/2026 | D84: 0.13 | E84: כאל | F84: חו"ל | G84: הוראת קבע אירלנד | H84: 02/02/2026 | I84: 0.13 | K84: =IF(A84>0,VLOOKUP(A84,טבלאות!$J:$K,2,0),"") -> אשראי מיכה | L84: =IF(ISERROR(VLOOKUP(B84,טבלאות!$G:$H,2,0)),"",VLOOKUP(B84,טבלאות!$G:$H,2,0)) -> בית וגן | M84: =IF(OR(L84="",L84="?"),"",IF(L84>0,I84,"")) -> 0.13
A85: ויזה 7520 | B85: גליקסמן שיווק ביצים | C85: 01/01/2026 | D85: 20 | E85: כאל | F85: ישראל | H85: 02/02/2026 | I85: 20 | K85: =IF(A85>0,VLOOKUP(A85,טבלאות!$J:$K,2,0),"") -> אשראי מיכה | L85: =IF(ISERROR(VLOOKUP(B85,טבלאות!$G:$H,2,0)),"",VLOOKUP(B85,טבלאות!$G:$H,2,0)) -> מזון ומשקאות | M85: =IF(OR(L85="",L85="?"),"",IF(L85>0,I85,"")) -> 20
A86: ויזה 7520 | B86: מ. יוחננוף ובניו- רחובות | C86: 01/01/2026 | D86: 189.6 | E86: כאל | F86: ישראל | H86: 02/02/2026 | I86: 189.6 | K86: =IF(A86>0,VLOOKUP(A86,טבלאות!$J:$K,2,0),"") -> אשראי מיכה | L86: =IF(ISERROR(VLOOKUP(B86,טבלאות!$G:$H,2,0)),"",VLOOKUP(B86,טבלאות!$G:$H,2,0)) -> מזון ומשקאות | M86: =IF(OR(L86="",L86="?"),"",IF(L86>0,I86,"")) -> 189.6
A87: ויזה 3669 | B87: הסתדרות העובדים הלאומית | C87: 01/01/2026 | D87: 30 | E87: כאל | F87: ישראל | G87: הוראת קבע | H87: 02/02/2026 | I87: 30 | K87: =IF(A87>0,VLOOKUP(A87,טבלאות!$J:$K,2,0),"") -> אשראי אורנה | L87: =IF(ISERROR(VLOOKUP(B87,טבלאות!$G:$H,2,0)),"",VLOOKUP(B87,טבלאות!$G:$H,2,0)) -> שונות | M87: =IF(OR(L87="",L87="?"),"",IF(L87>0,I87,"")) -> 30
A88: ויזה 7520 | B88: כלל ביטוח חיים הו"ק | C88: 30/12/2025 | D88: 80 | E88: כאל | F88: ישראל | G88: הוראת קבע | H88: 02/02/2026 | I88: 80 | K88: =IF(A88>0,VLOOKUP(A88,טבלאות!$J:$K,2,0),"") -> אשראי מיכה | L88: =IF(ISERROR(VLOOKUP(B88,טבלאות!$G:$H,2,0)),"",VLOOKUP(B88,טבלאות!$G:$H,2,0)) -> ביטוח | M88: =IF(OR(L88="",L88="?"),"",IF(L88>0,I88,"")) -> 80
A89: ויזה 3669 | B89: אורט רב מוטב | C89: 25/12/2025 | D89: 8956 | E89: כאל | F89: תשלום-ישראל | G89: 2 מ - 12 | H89: 02/02/2026 | I89: 746 | K89: =IF(A89>0,VLOOKUP(A89,טבלאות!$J:$K,2,0),"") -> אשראי אורנה | L89: =IF(ISERROR(VLOOKUP(B89,טבלאות!$G:$H,2,0)),"",VLOOKUP(B89,טבלאות!$G:$H,2,0)) -> בית ספר | M89: =IF(OR(L89="",L89="?"),"",IF(L89>0,I89,"")) -> 746
A90: ויזה 3669 | B90: מרכז הנופש בע"מ | C90: 07/09/2025 | D90: 2430 | E90: כאל | F90: תשלום-ישראל | G90: 5 מ - 9 | H90: 02/02/2026 | I90: 270 | K90: =IF(A90>0,VLOOKUP(A90,טבלאות!$J:$K,2,0),"") -> אשראי אורנה | L90: =IF(ISERROR(VLOOKUP(B90,טבלאות!$G:$H,2,0)),"",VLOOKUP(B90,טבלאות!$G:$H,2,0)) -> חוגים | M90: =IF(OR(L90="",L90="?"),"",IF(L90>0,I90,"")) -> 270
A91: ויזה 3669 | B91: מכון דוידסון-צמרת | C91: 28/07/2025 | D91: 3650 | E91: כאל | F91: תשלום-ישראל | G91: 7 מ - 10 | H91: 02/02/2026 | I91: 365 | K91: =IF(A91>0,VLOOKUP(A91,טבלאות!$J:$K,2,0),"") -> אשראי אורנה | L91: =IF(ISERROR(VLOOKUP(B91,טבלאות!$G:$H,2,0)),"",VLOOKUP(B91,טבלאות!$G:$H,2,0)) -> חוגים | M91: =IF(OR(L91="",L91="?"),"",IF(L91>0,I91,"")) -> 365
A92: מקס איט פי | B92: המרכז הרב תחומי | C92: 46039 | D92: 10500 | G92: 1 מ - 2 | H92: 02/02/2026 | I92: 5250 | K92: =IF(A92>0,VLOOKUP(A92,טבלאות!$J:$K,2,0),"") -> בהצדעה | L92: =IF(ISERROR(VLOOKUP(B92,טבלאות!$G:$H,2,0)),"",VLOOKUP(B92,טבלאות!$G:$H,2,0)) -> חינוך ומשפחה | M92: =IF(OR(L92="",L92="?"),"",IF(L92>0,I92,"")) -> 5250
A93: ויזה 1618 | B93: מיי טריפ בע"מ | C93: 45966 | D93: 27567.9 | G93: תשלום 3 מתוך 3 | H93: 02/02/2026 | I93: 9189.3 | K93: =IF(A93>0,VLOOKUP(A93,טבלאות!$J:$K,2,0),"") -> הסתדרות | L93: =IF(ISERROR(VLOOKUP(B93,טבלאות!$G:$H,2,0)),"",VLOOKUP(B93,טבלאות!$G:$H,2,0)) -> נופש | M93: =IF(OR(L93="",L93="?"),"",IF(L93>0,I93,"")) -> 9189.3
A94: ישראכרט | B94: איילון ביטוח חיים וב | C94: 46034 | D94: 53.07 | H94: 02/02/2026 | I94: 53.07 | K94: =IF(A94>0,VLOOKUP(A94,טבלאות!$J:$K,2,0),"") -> טוב | L94: =IF(ISERROR(VLOOKUP(B94,טבלאות!$G:$H,2,0)),"",VLOOKUP(B94,טבלאות!$G:$H,2,0)) -> ביטוח | M94: =IF(OR(L94="",L94="?"),"",IF(L94>0,I94,"")) -> 53.07
A95: ישראכרט | B95: איילון ביטוח חיים וב | C95: 46034 | D95: 107.13 | H95: 02/02/2026 | I95: 107.13 | K95: =IF(A95>0,VLOOKUP(A95,טבלאות!$J:$K,2,0),"") -> טוב | L95: =IF(ISERROR(VLOOKUP(B95,טבלאות!$G:$H,2,0)),"",VLOOKUP(B95,טבלאות!$G:$H,2,0)) -> ביטוח | M95: =IF(OR(L95="",L95="?"),"",IF(L95>0,I95,"")) -> 107.13
A96: ישראכרט | B96: איילון ביטוח חיים וב | C96: 46034 | D96: 142.26 | H96: 02/02/2026 | I96: 142.26 | K96: =IF(A96>0,VLOOKUP(A96,טבלאות!$J:$K,2,0),"") -> טוב | L96: =IF(ISERROR(VLOOKUP(B96,טבלאות!$G:$H,2,0)),"",VLOOKUP(B96,טבלאות!$G:$H,2,0)) -> ביטוח | M96: =IF(OR(L96="",L96="?"),"",IF(L96>0,I96,"")) -> 142.26
A97: ישראכרט | B97: איילון ביטוח חיים וב | C97: 46034 | D97: 138.94 | H97: 02/02/2026 | I97: 138.94 | K97: =IF(A97>0,VLOOKUP(A97,טבלאות!$J:$K,2,0),"") -> טוב | L97: =IF(ISERROR(VLOOKUP(B97,טבלאות!$G:$H,2,0)),"",VLOOKUP(B97,טבלאות!$G:$H,2,0)) -> ביטוח | M97: =IF(OR(L97="",L97="?"),"",IF(L97>0,I97,"")) -> 138.94
A98: ישראכרט | B98: איילון ביטוח חיים וב | C98: 46034 | D98: 53.07 | H98: 02/02/2026 | I98: 53.07 | K98: =IF(A98>0,VLOOKUP(A98,טבלאות!$J:$K,2,0),"") -> טוב | L98: =IF(ISERROR(VLOOKUP(B98,טבלאות!$G:$H,2,0)),"",VLOOKUP(B98,טבלאות!$G:$H,2,0)) -> ביטוח | M98: =IF(OR(L98="",L98="?"),"",IF(L98>0,I98,"")) -> 53.07
A99: ישראכרט | B99: מועדון טוב פ. | C99: 46037 | D99: 179 | H99: 02/02/2026 | I99: 179 | K99: =IF(A99>0,VLOOKUP(A99,טבלאות!$J:$K,2,0),"") -> טוב | L99: =IF(ISERROR(VLOOKUP(B99,טבלאות!$G:$H,2,0)),"",VLOOKUP(B99,טבלאות!$G:$H,2,0)) -> בילוי ומסעדות | M99: =IF(OR(L99="",L99="?"),"",IF(L99>0,I99,"")) -> 179
A100: ישראכרט | B100: מועדון טוב פ. | C100: 46037 | D100: 179 | H100: 02/02/2026 | I100: 179 | K100: =IF(A100>0,VLOOKUP(A100,טבלאות!$J:$K,2,0),"") -> טוב | L100: =IF(ISERROR(VLOOKUP(B100,טבלאות!$G:$H,2,0)),"",VLOOKUP(B100,טבלאות!$G:$H,2,0)) -> בילוי ומסעדות | M100: =IF(OR(L100="",L100="?"),"",IF(L100>0,I100,"")) -> 179
...

Sheet 3
A1: כרטיס | B1: בית עסק | C1: תאריך עסקה | D1: סכום העסקה | E1: מנפיק | F1: סוג העסקה | G1: פירוט | H1: תאריך החיוב | I1: סכום לחיוב | J1: פירוט נוסף | K1: סוג כרטיס | L1: סוג הוצאה | M1: סכום הוצאה | N1: הערות פנימיות
A2: ויזה 7520 | B2: PAYPAL *NETFLIX COM | C2: 28/02/2026 | D2: 69.9 | E2: כאל | F2: חו"ל | G2: הוראת קבע הולנד . מזהה כרטיס אינטרנט 4470 | H2: 02/03/2026 | I2: 69.9 | K2: =IF(A2>0,VLOOKUP(A2,טבלאות!$J:$K,2,0),"") -> אשראי מיכה | L2: =IF(ISERROR(VLOOKUP(B2,טבלאות!$G:$H,2,0)),"",VLOOKUP(B2,טבלאות!$G:$H,2,0)) -> מוצרי חשמל ותקשורת | M2: =IF(OR(L2="",L2="?"),"",IF(L2>0,I2,"")) -> 69.9
A3: ויזה 7520 | B3: בריין בינה בעמ | C3: 28/02/2026 | D3: 37 | E3: כאל | F3: ישראל | H3: 02/03/2026 | I3: 37 | K3: =IF(A3>0,VLOOKUP(A3,טבלאות!$J:$K,2,0),"") -> אשראי מיכה | L3: =IF(ISERROR(VLOOKUP(B3,טבלאות!$G:$H,2,0)),"",VLOOKUP(B3,טבלאות!$G:$H,2,0)) -> מוצרי חשמל ותקשורת | M3: =IF(OR(L3="",L3="?"),"",IF(L3>0,I3,"")) -> 37
A4: ויזה 7520 | B4: קואופ רחובות | C4: 27/02/2026 | D4: 104.78 | E4: כאל | F4: ישראל | H4: 02/03/2026 | I4: 104.78 | K4: =IF(A4>0,VLOOKUP(A4,טבלאות!$J:$K,2,0),"") -> אשראי מיכה | L4: =IF(ISERROR(VLOOKUP(B4,טבלאות!$G:$H,2,0)),"",VLOOKUP(B4,טבלאות!$G:$H,2,0)) -> מזון ומשקאות | M4: =IF(OR(L4="",L4="?"),"",IF(L4>0,I4,"")) -> 104.78
A5: ויזה 7520 | B5: רונבי | C5: 27/02/2026 | D5: 119 | E5: כאל | F5: ישראל | H5: 02/03/2026 | I5: 119 | K5: =IF(A5>0,VLOOKUP(A5,טבלאות!$J:$K,2,0),"") -> אשראי מיכה | L5: =IF(ISERROR(VLOOKUP(B5,טבלאות!$G:$H,2,0)),"",VLOOKUP(B5,טבלאות!$G:$H,2,0)) -> בית וגן | M5: =IF(OR(L5="",L5="?"),"",IF(L5>0,I5,"")) -> 119
A6: ויזה 7520 | B6: יוחננוף - אחד העם | C6: 27/02/2026 | D6: 108.7 | E6: כאל | F6: ישראל | H6: 02/03/2026 | I6: 108.7 | K6: =IF(A6>0,VLOOKUP(A6,טבלאות!$J:$K,2,0),"") -> אשראי מיכה | L6: =IF(ISERROR(VLOOKUP(B6,טבלאות!$G:$H,2,0)),"",VLOOKUP(B6,טבלאות!$G:$H,2,0)) -> מזון ומשקאות | M6: =IF(OR(L6="",L6="?"),"",IF(L6>0,I6,"")) -> 108.7
A7: ויזה 7520 | B7: תמונות וחיוכים | C7: 27/02/2026 | D7: 529 | E7: כאל | F7: ישראל | H7: 02/03/2026 | I7: 529 | K7: =IF(A7>0,VLOOKUP(A7,טבלאות!$J:$K,2,0),"") -> אשראי מיכה | L7: =IF(ISERROR(VLOOKUP(B7,טבלאות!$G:$H,2,0)),"",VLOOKUP(B7,טבלאות!$G:$H,2,0)) -> מתנות ומזכרות | M7: =IF(OR(L7="",L7="?"),"",IF(L7>0,I7,"")) -> 529
A8: ויזה 7520 | B8: סופר-פארם מרכז הנשיא רחוב | C8: 27/02/2026 | D8: 37.3 | E8: כאל | F8: ישראל | H8: 02/03/2026 | I8: 37.3 | K8: =IF(A8>0,VLOOKUP(A8,טבלאות!$J:$K,2,0),"") -> אשראי מיכה | L8: =IF(ISERROR(VLOOKUP(B8,טבלאות!$G:$H,2,0)),"",VLOOKUP(B8,טבלאות!$G:$H,2,0)) -> בריאות | M8: =IF(OR(L8="",L8="?"),"",IF(L8>0,I8,"")) -> 37.3
A9: ויזה 7520 | B9: CELLO | C9: 26/02/2026 | D9: 145.52 | E9: כאל | F9: ישראל | G9: הוראת קבע | H9: 02/03/2026 | I9: 145.52 | K9: =IF(A9>0,VLOOKUP(A9,טבלאות!$J:$K,2,0),"") -> אשראי מיכה | L9: =IF(ISERROR(VLOOKUP(B9,טבלאות!$G:$H,2,0)),"",VLOOKUP(B9,טבלאות!$G:$H,2,0)) -> רכב ותחבורה | M9: =IF(OR(L9="",L9="?"),"",IF(L9>0,I9,"")) -> 145.52
A10: ויזה 7520 | B10: סיאם סנטר | C10: 26/02/2026 | D10: 40 | E10: כאל | F10: ישראל | H10: 02/03/2026 | I10: 40 | K10: =IF(A10>0,VLOOKUP(A10,טבלאות!$J:$K,2,0),"") -> אשראי מיכה | L10: =IF(ISERROR(VLOOKUP(B10,טבלאות!$G:$H,2,0)),"",VLOOKUP(B10,טבלאות!$G:$H,2,0)) -> ביגוד והנעלה | M10: =IF(OR(L10="",L10="?"),"",IF(L10>0,I10,"")) -> 40
A11: ויזה 7520 | B11: סנטר 1 שערי ירושלים בעמ | C11: 26/02/2026 | D11: 90 | E11: כאל | F11: ישראל | H11: 02/03/2026 | I11: 90 | K11: =IF(A11>0,VLOOKUP(A11,טבלאות!$J:$K,2,0),"") -> אשראי מיכה | L11: =IF(ISERROR(VLOOKUP(B11,טבלאות!$G:$H,2,0)),"",VLOOKUP(B11,טבלאות!$G:$H,2,0)) -> רכב ותחבורה | M11: =IF(OR(L11="",L11="?"),"",IF(L11>0,I11,"")) -> 90
A12: ויזה 3669 | B12: העברה ב BIT בנה"פ | C12: 26/02/2026 | D12: 130 | E12: כאל | F12: ישראל | G12: העברה לשרית קרת | H12: 02/03/2026 | I12: 130 | K12: =IF(A12>0,VLOOKUP(A12,טבלאות!$J:$K,2,0),"") -> אשראי אורנה | L12: =IF(ISERROR(VLOOKUP(B12,טבלאות!$G:$H,2,0)),"",VLOOKUP(B12,טבלאות!$G:$H,2,0)) -> חוגים | M12: =IF(OR(L12="",L12="?"),"",IF(L12>0,I12,"")) -> 130
A13: ויזה 3669 | B13: הראל ביטוח חיים | C13: 26/02/2026 | D13: 56.76 | E13: כאל | F13: ישראל | G13: הוראת קבע | H13: 02/03/2026 | I13: 56.76 | K13: =IF(A13>0,VLOOKUP(A13,טבלאות!$J:$K,2,0),"") -> אשראי אורנה | L13: =IF(ISERROR(VLOOKUP(B13,טבלאות!$G:$H,2,0)),"",VLOOKUP(B13,טבלאות!$G:$H,2,0)) -> ביטוח | M13: =IF(OR(L13="",L13="?"),"",IF(L13>0,I13,"")) -> 56.76
A14: ויזה 7520 | B14: גולן טלקום | C14: 25/02/2026 | D14: 138.47 | E14: כאל | F14: ישראל | G14: הוראת קבע | H14: 02/03/2026 | I14: 138.47 | K14: =IF(A14>0,VLOOKUP(A14,טבלאות!$J:$K,2,0),"") -> אשראי מיכה | L14: =IF(ISERROR(VLOOKUP(B14,טבלאות!$G:$H,2,0)),"",VLOOKUP(B14,טבלאות!$G:$H,2,0)) -> מוצרי חשמל ותקשורת | M14: =IF(OR(L14="",L14="?"),"",IF(L14>0,I14,"")) -> 138.47
A15: ויזה 7520 | B15: כלל ביטוח חיים הו"ק | C15: 25/02/2026 | D15: 79.77 | E15: כאל | F15: ישראל | G15: הוראת קבע | H15: 02/03/2026 | I15: 79.77 | K15: =IF(A15>0,VLOOKUP(A15,טבלאות!$J:$K,2,0),"") -> אשראי מיכה | L15: =IF(ISERROR(VLOOKUP(B15,טבלאות!$G:$H,2,0)),"",VLOOKUP(B15,טבלאות!$G:$H,2,0)) -> ביטוח | M15: =IF(OR(L15="",L15="?"),"",IF(L15>0,I15,"")) -> 79.77
A16: ויזה 3669 | B16: דלק מנטה קמעונאות דרכים ב | C16: 25/02/2026 | D16: 220.93 | E16: כאל | F16: ישראל | H16: 02/03/2026 | I16: 220.93 | K16: =IF(A16>0,VLOOKUP(A16,טבלאות!$J:$K,2,0),"") -> אשראי אורנה | L16: =IF(ISERROR(VLOOKUP(B16,טבלאות!$G:$H,2,0)),"",VLOOKUP(B16,טבלאות!$G:$H,2,0)) -> רכב ותחבורה | M16: =IF(OR(L16="",L16="?"),"",IF(L16>0,I16,"")) -> 220.93
A17: ויזה 7520 | B17: סופר פארם ישפרו - נס ציונ | C17: 24/02/2026 | D17: 75.9 | E17: כאל | F17: ישראל | H17: 02/03/2026 | I17: 75.9 | K17: =IF(A17>0,VLOOKUP(A17,טבלאות!$J:$K,2,0),"") -> אשראי מיכה | L17: =IF(ISERROR(VLOOKUP(B17,טבלאות!$G:$H,2,0)),"",VLOOKUP(B17,טבלאות!$G:$H,2,0)) -> בריאות | M17: =IF(OR(L17="",L17="?"),"",IF(L17>0,I17,"")) -> 75.9
A18: ויזה 7520 | B18: גליקסמן שיווק ביצים | C18: 24/02/2026 | D18: 79 | E18: כאל | F18: ישראל | H18: 02/03/2026 | I18: 79 | K18: =IF(A18>0,VLOOKUP(A18,טבלאות!$J:$K,2,0),"") -> אשראי מיכה | L18: =IF(ISERROR(VLOOKUP(B18,טבלאות!$G:$H,2,0)),"",VLOOKUP(B18,טבלאות!$G:$H,2,0)) -> מזון ומשקאות | M18: =IF(OR(L18="",L18="?"),"",IF(L18>0,I18,"")) -> 79
A19: ויזה 7520 | B19: מ. יוחננוף ובניו- רחובות | C19: 24/02/2026 | D19: 831.85 | E19: כאל | F19: ישראל | H19: 02/03/2026 | I19: 831.85 | K19: =IF(A19>0,VLOOKUP(A19,טבלאות!$J:$K,2,0),"") -> אשראי מיכה | L19: =IF(ISERROR(VLOOKUP(B19,טבלאות!$G:$H,2,0)),"",VLOOKUP(B19,טבלאות!$G:$H,2,0)) -> מזון ומשקאות | M19: =IF(OR(L19="",L19="?"),"",IF(L19>0,I19,"")) -> 831.85
A20: ויזה 3669 | B20: קואופ רחובות | C20: 24/02/2026 | D20: 143.31 | E20: כאל | F20: ישראל | H20: 02/03/2026 | I20: 143.31 | K20: =IF(A20>0,VLOOKUP(A20,טבלאות!$J:$K,2,0),"") -> אשראי אורנה | L20: =IF(ISERROR(VLOOKUP(B20,טבלאות!$G:$H,2,0)),"",VLOOKUP(B20,טבלאות!$G:$H,2,0)) -> מזון ומשקאות | M20: =IF(OR(L20="",L20="?"),"",IF(L20>0,I20,"")) -> 143.31
A21: ויזה 3669 | B21: העברה ב BIT בנה"פ | C21: 24/02/2026 | D21: 100 | E21: כאל | F21: ישראל | G21: העברה למרשה דוידוביץ | H21: 02/03/2026 | I21: 100 | K21: =IF(A21>0,VLOOKUP(A21,טבלאות!$J:$K,2,0),"") -> אשראי אורנה | L21: =IF(ISERROR(VLOOKUP(B21,טבלאות!$G:$H,2,0)),"",VLOOKUP(B21,טבלאות!$G:$H,2,0)) -> חוגים | M21: =IF(OR(L21="",L21="?"),"",IF(L21>0,I21,"")) -> 100
A22: ויזה 3669 | B22: העברה ב BIT בנה"פ | C22: 24/02/2026 | D22: 130 | E22: כאל | F22: ישראל | G22: העברה לשרית קרת | H22: 02/03/2026 | I22: 130 | K22: =IF(A22>0,VLOOKUP(A22,טבלאות!$J:$K,2,0),"") -> אשראי אורנה | L22: =IF(ISERROR(VLOOKUP(B22,טבלאות!$G:$H,2,0)),"",VLOOKUP(B22,טבלאות!$G:$H,2,0)) -> חוגים | M22: =IF(OR(L22="",L22="?"),"",IF(L22>0,I22,"")) -> 130
A23: ויזה 3669 | B23: קואופ רחובות | C23: 24/02/2026 | D23: 15.9 | E23: כאל | F23: ישראל | H23: 02/03/2026 | I23: 15.9 | K23: =IF(A23>0,VLOOKUP(A23,טבלאות!$J:$K,2,0),"") -> אשראי אורנה | L23: =IF(ISERROR(VLOOKUP(B23,טבלאות!$G:$H,2,0)),"",VLOOKUP(B23,טבלאות!$G:$H,2,0)) -> מזון ומשקאות | M23: =IF(OR(L23="",L23="?"),"",IF(L23>0,I23,"")) -> 15.9
A24: ויזה 3669 | B24: אגודת אכסניות נוער בישראל | C24: 24/02/2026 | D24: 395 | E24: כאל | F24: ישראל | H24: 02/03/2026 | I24: 395 | K24: =IF(A24>0,VLOOKUP(A24,טבלאות!$J:$K,2,0),"") -> אשראי אורנה | L24: =IF(ISERROR(VLOOKUP(B24,טבלאות!$G:$H,2,0)),"",VLOOKUP(B24,טבלאות!$G:$H,2,0)) -> ילדים | M24: =IF(OR(L24="",L24="?"),"",IF(L24>0,I24,"")) -> 395
A25: ויזה 7520 | B25: שרותי בריאות כללית הו"ק | C25: 23/02/2026 | D25: 69.71 | E25: כאל | F25: ישראל | G25: הוראת קבע | H25: 02/03/2026 | I25: 69.71 | K25: =IF(A25>0,VLOOKUP(A25,טבלאות!$J:$K,2,0),"") -> אשראי מיכה | L25: =IF(ISERROR(VLOOKUP(B25,טבלאות!$G:$H,2,0)),"",VLOOKUP(B25,טבלאות!$G:$H,2,0)) -> בריאות | M25: =IF(OR(L25="",L25="?"),"",IF(L25>0,I25,"")) -> 69.71
A26: ויזה 7520 | B26: סעוד הראל -כללית | C26: 23/02/2026 | D26: 127.86 | E26: כאל | F26: ישראל | G26: הוראת קבע | H26: 02/03/2026 | I26: 127.86 | K26: =IF(A26>0,VLOOKUP(A26,טבלאות!$J:$K,2,0),"") -> אשראי מיכה | L26: =IF(ISERROR(VLOOKUP(B26,טבלאות!$G:$H,2,0)),"",VLOOKUP(B26,טבלאות!$G:$H,2,0)) -> בריאות | M26: =IF(OR(L26="",L26="?"),"",IF(L26>0,I26,"")) -> 127.86
A27: ויזה 7520 | B27: BIT | C27: 21/02/2026 | D27: 50 | E27: כאל | F27: חו"ל | G27: ישראל . העברה ללירון ליארזי | H27: 02/03/2026 | I27: 50 | K27: =IF(A27>0,VLOOKUP(A27,טבלאות!$J:$K,2,0),"") -> אשראי מיכה | L27: =IF(ISERROR(VLOOKUP(B27,טבלאות!$G:$H,2,0)),"",VLOOKUP(B27,טבלאות!$G:$H,2,0)) -> מתנות ומזכרות | M27: =IF(OR(L27="",L27="?"),"",IF(L27>0,I27,"")) -> 50
A28: ויזה 3669 | B28: BIT | C28: 21/02/2026 | D28: 750 | E28: כאל | F28: חו"ל | G28: ישראל . העברה ללירון ליארזי | H28: 02/03/2026 | I28: 750 | K28: =IF(A28>0,VLOOKUP(A28,טבלאות!$J:$K,2,0),"") -> אשראי אורנה | L28: =IF(ISERROR(VLOOKUP(B28,טבלאות!$G:$H,2,0)),"",VLOOKUP(B28,טבלאות!$G:$H,2,0)) -> מתנות ומזכרות | M28: =IF(OR(L28="",L28="?"),"",IF(L28>0,I28,"")) -> 750
A29: ויזה 3669 | B29: בזק הוראות קבע | C29: 20/02/2026 | D29: 163.45 | E29: כאל | F29: ישראל | G29: הוראת קבע | H29: 02/03/2026 | I29: 163.45 | K29: =IF(A29>0,VLOOKUP(A29,טבלאות!$J:$K,2,0),"") -> אשראי אורנה | L29: =IF(ISERROR(VLOOKUP(B29,טבלאות!$G:$H,2,0)),"",VLOOKUP(B29,טבלאות!$G:$H,2,0)) -> מוצרי חשמל ותקשורת | M29: =IF(OR(L29="",L29="?"),"",IF(L29>0,I29,"")) -> 163.45
A30: ויזה 7520 | B30: NORMAL ROVANIEMI REVONTUL | C30: 19/02/2026 | D30: 3.6 | E30: כאל | F30: חו"ל | G30: פינלנד . ב- 20/02/26 הומר לש"ח בשער יציג 3.6742 . | H30: 22/02/2026 | I30: 13.62 | K30: =IF(A30>0,VLOOKUP(A30,טבלאות!$J:$K,2,0),"") -> אשראי מיכה | L30: =IF(ISERROR(VLOOKUP(B30,טבלאות!$G:$H,2,0)),"",VLOOKUP(B30,טבלאות!$G:$H,2,0)) -> נופש | M30: =IF(OR(L30="",L30="?"),"",IF(L30>0,I30,"")) -> 13.62
A31: ויזה 7520 | B31: AMAZON MKTPL*B90F674F2 | C31: 18/02/2026 | D31: 147.52 | E31: כאל | F31: חו"ל | G31: ארצות הברית . מזהה כרטיס אינטרנט 9763 | H31: 02/03/2026 | I31: 147.52 | K31: =IF(A31>0,VLOOKUP(A31,טבלאות!$J:$K,2,0),"") -> אשראי מיכה | L31: =IF(ISERROR(VLOOKUP(B31,טבלאות!$G:$H,2,0)),"",VLOOKUP(B31,טבלאות!$G:$H,2,0)) -> נופש | M31: =IF(OR(L31="",L31="?"),"",IF(L31>0,I31,"")) -> 147.52
A32: ויזה 7520 | B32: PAYPAL *ZWIFT | C32: 18/02/2026 | D32: 63.82 | E32: כאל | F32: חו"ל | G32: הוראת קבע ארצות הברית . מזהה כרטיס אינטרנט 4470 | H32: 02/03/2026 | I32: 63.82 | K32: =IF(A32>0,VLOOKUP(A32,טבלאות!$J:$K,2,0),"") -> אשראי מיכה | L32: =IF(ISERROR(VLOOKUP(B32,טבלאות!$G:$H,2,0)),"",VLOOKUP(B32,טבלאות!$G:$H,2,0)) -> בית וגן | M32: =IF(OR(L32="",L32="?"),"",IF(L32>0,I32,"")) -> 63.82
A33: ויזה 3669 | B33: חברת החשמל לישראל בע"מ | C33: 18/02/2026 | D33: 873.54 | E33: כאל | F33: ישראל | G33: הוראת קבע | H33: 02/03/2026 | I33: 873.54 | K33: =IF(A33>0,VLOOKUP(A33,טבלאות!$J:$K,2,0),"") -> אשראי אורנה | L33: =IF(ISERROR(VLOOKUP(B33,טבלאות!$G:$H,2,0)),"",VLOOKUP(B33,טבלאות!$G:$H,2,0)) -> מוצרי חשמל ותקשורת | M33: =IF(OR(L33="",L33="?"),"",IF(L33>0,I33,"")) -> 873.54
A34: ויזה 7520 | B34: ג'יי.אר.-היינמן טרמינל 3 | C34: 17/02/2026 | D34: 466.04 | E34: כאל | F34: ישראל | H34: 02/03/2026 | I34: 466.04 | K34: =IF(A34>0,VLOOKUP(A34,טבלאות!$J:$K,2,0),"") -> אשראי מיכה | L34: =IF(ISERROR(VLOOKUP(B34,טבלאות!$G:$H,2,0)),"",VLOOKUP(B34,טבלאות!$G:$H,2,0)) -> נופש | M34: =IF(OR(L34="",L34="?"),"",IF(L34>0,I34,"")) -> 466.04
A35: ויזה 7520 | B35: קפה קפה טרמינל 3 נתב"ג בע | C35: 17/02/2026 | D35: 34 | E35: כאל | F35: ישראל | H35: 02/03/2026 | I35: 34 | K35: =IF(A35>0,VLOOKUP(A35,טבלאות!$J:$K,2,0),"") -> אשראי מיכה | L35: =IF(ISERROR(VLOOKUP(B35,טבלאות!$G:$H,2,0)),"",VLOOKUP(B35,טבלאות!$G:$H,2,0)) -> נופש | M35: =IF(OR(L35="",L35="?"),"",IF(L35>0,I35,"")) -> 34
A36: ויזה 3669 | B36: אגודת אכסניות נוער בישראל | C36: 17/02/2026 | D36: 135 | E36: כאל | F36: ישראל | H36: 02/03/2026 | I36: 135 | K36: =IF(A36>0,VLOOKUP(A36,טבלאות!$J:$K,2,0),"") -> אשראי אורנה | L36: =IF(ISERROR(VLOOKUP(B36,טבלאות!$G:$H,2,0)),"",VLOOKUP(B36,טבלאות!$G:$H,2,0)) -> ילדים | M36: =IF(OR(L36="",L36="?"),"",IF(L36>0,I36,"")) -> 135
A37: ויזה 7520 | B37: KSP רחובות | C37: 16/02/2026 | D37: 117 | E37: כאל | F37: ישראל | H37: 02/03/2026 | I37: 117 | K37: =IF(A37>0,VLOOKUP(A37,טבלאות!$J:$K,2,0),"") -> אשראי מיכה | L37: =IF(ISERROR(VLOOKUP(B37,טבלאות!$G:$H,2,0)),"",VLOOKUP(B37,טבלאות!$G:$H,2,0)) -> בית וגן | M37: =IF(OR(L37="",L37="?"),"",IF(L37>0,I37,"")) -> 117
A38: ויזה 7520 | B38: טיב טעם רשתות רחובות | C38: 16/02/2026 | D38: 35.9 | E38: כאל | F38: ישראל | H38: 02/03/2026 | I38: 35.9 | K38: =IF(A38>0,VLOOKUP(A38,טבלאות!$J:$K,2,0),"") -> אשראי מיכה | L38: =IF(ISERROR(VLOOKUP(B38,טבלאות!$G:$H,2,0)),"",VLOOKUP(B38,טבלאות!$G:$H,2,0)) -> מזון ומשקאות | M38: =IF(OR(L38="",L38="?"),"",IF(L38>0,I38,"")) -> 35.9
A39: ויזה 7520 | B39: HOPON-DAN | C39: 16/02/2026 | D39: 30 | E39: כאל | F39: ישראל | H39: 02/03/2026 | I39: 30 | K39: =IF(A39>0,VLOOKUP(A39,טבלאות!$J:$K,2,0),"") -> אשראי מיכה | L39: =IF(ISERROR(VLOOKUP(B39,טבלאות!$G:$H,2,0)),"",VLOOKUP(B39,טבלאות!$G:$H,2,0)) -> רכב ותחבורה | M39: =IF(OR(L39="",L39="?"),"",IF(L39>0,I39,"")) -> 30
A40: ויזה 7520 | B40: זול סטוק יפו | C40: 15/02/2026 | D40: 20.9 | E40: כאל | F40: ישראל | H40: 02/03/2026 | I40: 20.9 | K40: =IF(A40>0,VLOOKUP(A40,טבלאות!$J:$K,2,0),"") -> אשראי מיכה | L40: =IF(ISERROR(VLOOKUP(B40,טבלאות!$G:$H,2,0)),"",VLOOKUP(B40,טבלאות!$G:$H,2,0)) -> בית וגן | M40: =IF(OR(L40="",L40="?"),"",IF(L40>0,I40,"")) -> 20.9
A41: ויזה 7520 | B41: סנטר 1 שערי ירושלים בעמ | C41: 15/02/2026 | D41: 90 | E41: כאל | F41: ישראל | H41: 02/03/2026 | I41: 90 | K41: =IF(A41>0,VLOOKUP(A41,טבלאות!$J:$K,2,0),"") -> אשראי מיכה | L41: =IF(ISERROR(VLOOKUP(B41,טבלאות!$G:$H,2,0)),"",VLOOKUP(B41,טבלאות!$G:$H,2,0)) -> רכב ותחבורה | M41: =IF(OR(L41="",L41="?"),"",IF(L41>0,I41,"")) -> 90
A42: ויזה 7520 | B42: גליקסמן שיווק ביצים | C42: 15/02/2026 | D42: 72 | E42: כאל | F42: ישראל | H42: 02/03/2026 | I42: 72 | K42: =IF(A42>0,VLOOKUP(A42,טבלאות!$J:$K,2,0),"") -> אשראי מיכה | L42: =IF(ISERROR(VLOOKUP(B42,טבלאות!$G:$H,2,0)),"",VLOOKUP(B42,טבלאות!$G:$H,2,0)) -> מזון ומשקאות | M42: =IF(OR(L42="",L42="?"),"",IF(L42>0,I42,"")) -> 72
A43: ויזה 7520 | B43: מ. יוחננוף ובניו- רחובות | C43: 15/02/2026 | D43: 359.44 | E43: כאל | F43: ישראל | H43: 02/03/2026 | I43: 359.44 | K43: =IF(A43>0,VLOOKUP(A43,טבלאות!$J:$K,2,0),"") -> אשראי מיכה | L43: =IF(ISERROR(VLOOKUP(B43,טבלאות!$G:$H,2,0)),"",VLOOKUP(B43,טבלאות!$G:$H,2,0)) -> מזון ומשקאות | M43: =IF(OR(L43="",L43="?"),"",IF(L43>0,I43,"")) -> 359.44
A44: ויזה 7520 | B44: אופיס דיפו - נס ציונה | C44: 15/02/2026 | D44: 49.9 | E44: כאל | F44: ישראל | H44: 02/03/2026 | I44: 49.9 | K44: =IF(A44>0,VLOOKUP(A44,טבלאות!$J:$K,2,0),"") -> אשראי מיכה | L44: =IF(ISERROR(VLOOKUP(B44,טבלאות!$G:$H,2,0)),"",VLOOKUP(B44,טבלאות!$G:$H,2,0)) -> מתנות ומזכרות | M44: =IF(OR(L44="",L44="?"),"",IF(L44>0,I44,"")) -> 49.9
A45: ויזה 3669 | B45: תשלום ועד בית | C45: 15/02/2026 | D45: 350 | E45: כאל | F45: ישראל | H45: 02/03/2026 | I45: 350 | K45: =IF(A45>0,VLOOKUP(A45,טבלאות!$J:$K,2,0),"") -> אשראי אורנה | L45: =IF(ISERROR(VLOOKUP(B45,טבלאות!$G:$H,2,0)),"",VLOOKUP(B45,טבלאות!$G:$H,2,0)) -> בית וגן | M45: =IF(OR(L45="",L45="?"),"",IF(L45>0,I45,"")) -> 350
A46: ויזה 7520 | B46: דוכן הפרדסן מקס איט ניכיו | C46: 14/02/2026 | D46: 74.46 | E46: כאל | F46: ישראל | H46: 02/03/2026 | I46: 74.46 | K46: =IF(A46>0,VLOOKUP(A46,טבלאות!$J:$K,2,0),"") -> אשראי מיכה | L46: =IF(ISERROR(VLOOKUP(B46,טבלאות!$G:$H,2,0)),"",VLOOKUP(B46,טבלאות!$G:$H,2,0)) -> מזון ומשקאות | M46: =IF(OR(L46="",L46="?"),"",IF(L46>0,I46,"")) -> 74.46
A47: ויזה 3669 | B47: העברה ב BIT בנה"פ | C47: 14/02/2026 | D47: 520 | E47: כאל | F47: ישראל | G47: העברה לשרית קרת | H47: 02/03/2026 | I47: 520 | K47: =IF(A47>0,VLOOKUP(A47,טבלאות!$J:$K,2,0),"") -> אשראי אורנה | L47: =IF(ISERROR(VLOOKUP(B47,טבלאות!$G:$H,2,0)),"",VLOOKUP(B47,טבלאות!$G:$H,2,0)) -> חוגים | M47: =IF(OR(L47="",L47="?"),"",IF(L47>0,I47,"")) -> 520
A48: ויזה 3669 | B48: העברה ב BIT בנה"פ | C48: 14/02/2026 | D48: 100 | E48: כאל | F48: ישראל | G48: העברה למרשה דוידוביץ | H48: 02/03/2026 | I48: 100 | K48: =IF(A48>0,VLOOKUP(A48,טבלאות!$J:$K,2,0),"") -> אשראי אורנה | L48: =IF(ISERROR(VLOOKUP(B48,טבלאות!$G:$H,2,0)),"",VLOOKUP(B48,טבלאות!$G:$H,2,0)) -> חוגים | M48: =IF(OR(L48="",L48="?"),"",IF(L48>0,I48,"")) -> 100
A49: ויזה 7520 | B49: כללית מלך נוי | C49: 13/02/2026 | D49: 25.76 | E49: כאל | F49: ישראל | H49: 02/03/2026 | I49: 25.76 | K49: =IF(A49>0,VLOOKUP(A49,טבלאות!$J:$K,2,0),"") -> אשראי מיכה | L49: =IF(ISERROR(VLOOKUP(B49,טבלאות!$G:$H,2,0)),"",VLOOKUP(B49,טבלאות!$G:$H,2,0)) -> בריאות | M49: =IF(OR(L49="",L49="?"),"",IF(L49>0,I49,"")) -> 25.76
A50: ויזה 7520 | B50: מחסני השוק רחובות הנשיא | C50: 13/02/2026 | D50: 117.36 | E50: כאל | F50: ישראל | H50: 02/03/2026 | I50: 117.36 | K50: =IF(A50>0,VLOOKUP(A50,טבלאות!$J:$K,2,0),"") -> אשראי מיכה | L50: =IF(ISERROR(VLOOKUP(B50,טבלאות!$G:$H,2,0)),"",VLOOKUP(B50,טבלאות!$G:$H,2,0)) -> מזון ומשקאות | M50: =IF(OR(L50="",L50="?"),"",IF(L50>0,I50,"")) -> 117.36
A51: ויזה 7520 | B51: דומינוס פיצה רחובות | C51: 13/02/2026 | D51: 116 | E51: כאל | F51: ישראל | H51: 02/03/2026 | I51: 116 | K51: =IF(A51>0,VLOOKUP(A51,טבלאות!$J:$K,2,0),"") -> אשראי מיכה | L51: =IF(ISERROR(VLOOKUP(B51,טבלאות!$G:$H,2,0)),"",VLOOKUP(B51,טבלאות!$G:$H,2,0)) -> בילוי ומסעדות | M51: =IF(OR(L51="",L51="?"),"",IF(L51>0,I51,"")) -> 116
A52: ויזה 3669 | B52: כללית מלך נוי | C52: 13/02/2026 | D52: 39.61 | E52: כאל | F52: ישראל | H52: 02/03/2026 | I52: 39.61 | K52: =IF(A52>0,VLOOKUP(A52,טבלאות!$J:$K,2,0),"") -> אשראי אורנה | L52: =IF(ISERROR(VLOOKUP(B52,טבלאות!$G:$H,2,0)),"",VLOOKUP(B52,טבלאות!$G:$H,2,0)) -> בריאות | M52: =IF(OR(L52="",L52="?"),"",IF(L52>0,I52,"")) -> 39.61
A53: ויזה 7520 | B53: סופר פארם הרצל רחובות | C53: 12/02/2026 | D53: 133.14 | E53: כאל | F53: ישראל | H53: 02/03/2026 | I53: 133.14 | K53: =IF(A53>0,VLOOKUP(A53,טבלאות!$J:$K,2,0),"") -> אשראי מיכה | L53: =IF(ISERROR(VLOOKUP(B53,טבלאות!$G:$H,2,0)),"",VLOOKUP(B53,טבלאות!$G:$H,2,0)) -> בריאות | M53: =IF(OR(L53="",L53="?"),"",IF(L53>0,I53,"")) -> 133.14
A54: ויזה 7520 | B54: מ. יוחננוף ובניו- רחובות | C54: 12/02/2026 | D54: 224.89 | E54: כאל | F54: ישראל | H54: 02/03/2026 | I54: 224.89 | K54: =IF(A54>0,VLOOKUP(A54,טבלאות!$J:$K,2,0),"") -> אשראי מיכה | L54: =IF(ISERROR(VLOOKUP(B54,טבלאות!$G:$H,2,0)),"",VLOOKUP(B54,טבלאות!$G:$H,2,0)) -> מזון ומשקאות | M54: =IF(OR(L54="",L54="?"),"",IF(L54>0,I54,"")) -> 224.89
A55: ויזה 7520 | B55: דוכן הפרדסן מקס איט ניכיו | C55: 12/02/2026 | D55: 55.66 | E55: כאל | F55: ישראל | H55: 02/03/2026 | I55: 55.66 | K55: =IF(A55>0,VLOOKUP(A55,טבלאות!$J:$K,2,0),"") -> אשראי מיכה | L55: =IF(ISERROR(VLOOKUP(B55,טבלאות!$G:$H,2,0)),"",VLOOKUP(B55,טבלאות!$G:$H,2,0)) -> מזון ומשקאות | M55: =IF(OR(L55="",L55="?"),"",IF(L55>0,I55,"")) -> 55.66
A56: ויזה 3669 | B56: מכון דוידסון-צמרת | C56: 12/02/2026 | D56: 70 | E56: כאל | F56: ישראל | H56: 02/03/2026 | I56: 70 | K56: =IF(A56>0,VLOOKUP(A56,טבלאות!$J:$K,2,0),"") -> אשראי אורנה | L56: =IF(ISERROR(VLOOKUP(B56,טבלאות!$G:$H,2,0)),"",VLOOKUP(B56,טבלאות!$G:$H,2,0)) -> חוגים | M56: =IF(OR(L56="",L56="?"),"",IF(L56>0,I56,"")) -> 70
A57: ויזה 7520 | B57: ישראייר תעופה בע"מ-צמרת | C57: 11/02/2026 | D57: 112.38 | E57: כאל | F57: ישראל | H57: 02/03/2026 | I57: 112.38 | K57: =IF(A57>0,VLOOKUP(A57,טבלאות!$J:$K,2,0),"") -> אשראי מיכה | L57: =IF(ISERROR(VLOOKUP(B57,טבלאות!$G:$H,2,0)),"",VLOOKUP(B57,טבלאות!$G:$H,2,0)) -> נופש | M57: =IF(OR(L57="",L57="?"),"",IF(L57>0,I57,"")) -> 112.38
A58: ויזה 7520 | B58: מ. יוחננוף ובניו- רחובות | C58: 11/02/2026 | D58: 203.4 | E58: כאל | F58: ישראל | H58: 02/03/2026 | I58: 203.4 | K58: =IF(A58>0,VLOOKUP(A58,טבלאות!$J:$K,2,0),"") -> אשראי מיכה | L58: =IF(ISERROR(VLOOKUP(B58,טבלאות!$G:$H,2,0)),"",VLOOKUP(B58,טבלאות!$G:$H,2,0)) -> מזון ומשקאות | M58: =IF(OR(L58="",L58="?"),"",IF(L58>0,I58,"")) -> 203.4
A59: ויזה 7520 | B59: KFC | C59: 11/02/2026 | D59: 88 | E59: כאל | F59: ישראל | H59: 02/03/2026 | I59: 88 | K59: =IF(A59>0,VLOOKUP(A59,טבלאות!$J:$K,2,0),"") -> אשראי מיכה | L59: =IF(ISERROR(VLOOKUP(B59,טבלאות!$G:$H,2,0)),"",VLOOKUP(B59,טבלאות!$G:$H,2,0)) -> בילוי ומסעדות | M59: =IF(OR(L59="",L59="?"),"",IF(L59>0,I59,"")) -> 88
A60: ויזה 3669 | B60: ישראייר תעופה בע"מ-צמרת | C60: 11/02/2026 | D60: 112.38 | E60: כאל | F60: ישראל | H60: 02/03/2026 | I60: 112.38 | K60: =IF(A60>0,VLOOKUP(A60,טבלאות!$J:$K,2,0),"") -> אשראי אורנה | L60: =IF(ISERROR(VLOOKUP(B60,טבלאות!$G:$H,2,0)),"",VLOOKUP(B60,טבלאות!$G:$H,2,0)) -> נופש | M60: =IF(OR(L60="",L60="?"),"",IF(L60>0,I60,"")) -> 112.38
... A70: ויזה 7520 | B70: סנטר 1 שערי ירושלים בעמ | C70: 08/02/2026 | D70: 90 | E70: כאל | F70: ישראל | H70: 02/03/2026 | I70: 90 | K70: =IF(A70>0,VLOOKUP(A70,טבלאות!$J:$K,2,0),"") -> אשראי מיכה | L70: =IF(ISERROR(VLOOKUP(B70,טבלאות!$G:$H,2,0)),"",VLOOKUP(B70,טבלאות!$G:$H,2,0)) -> רכב ותחבורה | M70: =IF(OR(L70="",L70="?"),"",IF(L70>0,I70,"")) -> 90
A71: ויזה 3669 | B71: העברה ב BIT בנה"פ | C71: 08/02/2026 | D71: 200 | E71: כאל | F71: ישראל | G71: העברה למרשה דוידוביץ | H71: 02/03/2026 | I71: 200 | K71: =IF(A71>0,VLOOKUP(A71,טבלאות!$J:$K,2,0),"") -> אשראי אורנה | L71: =IF(ISERROR(VLOOKUP(B71,טבלאות!$G:$H,2,0)),"",VLOOKUP(B71,טבלאות!$G:$H,2,0)) -> חוגים | M71: =IF(OR(L71="",L71="?"),"",IF(L71>0,I71,"")) -> 200
A72: ויזה 3669 | B72: PAYBOX | C72: 08/02/2026 | D72: 520 | E72: כאל | F72: ישראל | G72: העברה לשרית קרת עבור שיעורים אמיר פעמיים והי | H72: 02/03/2026 | I72: 520 | K72: =IF(A72>0,VLOOKUP(A72,טבלאות!$J:$K,2,0),"") -> אשראי אורנה | L72: =IF(ISERROR(VLOOKUP(B72,טבלאות!$G:$H,2,0)),"",VLOOKUP(B72,טבלאות!$G:$H,2,0)) -> חוגים | M72: =IF(OR(L72="",L72="?"),"",IF(L72>0,I72,"")) -> 520
A73: ויזה 7520 | B73: דומינוס פיצה רחובות | C73: 07/02/2026 | D73: 16 | E73: כאל | F73: ישראל | H73: 02/03/2026 | I73: 16 | K73: =IF(A73>0,VLOOKUP(A73,טבלאות!$J:$K,2,0),"") -> אשראי מיכה | L73: =IF(ISERROR(VLOOKUP(B73,טבלאות!$G:$H,2,0)),"",VLOOKUP(B73,טבלאות!$G:$H,2,0)) -> בילוי ומסעדות | M73: =IF(OR(L73="",L73="?"),"",IF(L73>0,I73,"")) -> 16
A74: ויזה 7520 | B74: מחסני השוק רחובות הנשיא | C74: 06/02/2026 | D74: 205.25 | E74: כאל | F74: ישראל | H74: 02/03/2026 | I74: 205.25 | K74: =IF(A74>0,VLOOKUP(A74,טבלאות!$J:$K,2,0),"") -> אשראי מיכה | L74: =IF(ISERROR(VLOOKUP(B74,טבלאות!$G:$H,2,0)),"",VLOOKUP(B74,טבלאות!$G:$H,2,0)) -> מזון ומשקאות | M74: =IF(OR(L74="",L74="?"),"",IF(L74>0,I74,"")) -> 205.25
A75: ויזה 7520 | B75: שיבולת השרון | C75: 06/02/2026 | D75: 15.9 | E75: כאל | F75: ישראל | H75: 02/03/2026 | I75: 15.9 | K75: =IF(A75>0,VLOOKUP(A75,טבלאות!$J:$K,2,0),"") -> אשראי מיכה | L75: =IF(ISERROR(VLOOKUP(B75,טבלאות!$G:$H,2,0)),"",VLOOKUP(B75,טבלאות!$G:$H,2,0)) -> מזון ומשקאות | M75: =IF(OR(L75="",L75="?"),"",IF(L75>0,I75,"")) -> 15.9
A76: ויזה 7520 | B76: רולדין | C76: 06/02/2026 | D76: 78 | E76: כאל | F76: ישראל | H76: 02/03/2026 | I76: 78 | K76: =IF(A76>0,VLOOKUP(A76,טבלאות!$J:$K,2,0),"") -> אשראי מיכה | L76: =IF(ISERROR(VLOOKUP(B76,טבלאות!$G:$H,2,0)),"",VLOOKUP(B76,טבלאות!$G:$H,2,0)) -> מזון ומשקאות | M76: =IF(OR(L76="",L76="?"),"",IF(L76>0,I76,"")) -> 78
A77: ויזה 7520 | B77: שרותי בריאות כללית הו"ק | C77: 05/02/2026 | D77: 20.63 | E77: כאל | F77: ישראל | G77: הוראת קבע | H77: 02/03/2026 | I77: 20.63 | K77: =IF(A77>0,VLOOKUP(A77,טבלאות!$J:$K,2,0),"") -> אשראי מיכה | L77: =IF(ISERROR(VLOOKUP(B77,טבלאות!$G:$H,2,0)),"",VLOOKUP(B77,טבלאות!$G:$H,2,0)) -> בריאות | M77: =IF(OR(L77="",L77="?"),"",IF(L77>0,I77,"")) -> 20.63
A78: ויזה 7520 | B78: מ. יוחננוף ובניו- רחובות | C78: 05/02/2026 | D78: 471.41 | E78: כאל | F78: ישראל | H78: 02/03/2026 | I78: 471.41 | K78: =IF(A78>0,VLOOKUP(A78,טבלאות!$J:$K,2,0),"") -> אשראי מיכה | L78: =IF(ISERROR(VLOOKUP(B78,טבלאות!$G:$H,2,0)),"",VLOOKUP(B78,טבלאות!$G:$H,2,0)) -> מזון ומשקאות | M78: =IF(OR(L78="",L78="?"),"",IF(L78>0,I78,"")) -> 471.41
A79: ויזה 7520 | B79: דוכן הפרדסן מקס איט ניכיו | C79: 05/02/2026 | D79: 58.31 | E79: כאל | F79: ישראל | H79: 02/03/2026 | I79: 58.31 | K79: =IF(A79>0,VLOOKUP(A79,טבלאות!$J:$K,2,0),"") -> אשראי מיכה | L79: =IF(ISERROR(VLOOKUP(B79,טבלאות!$G:$H,2,0)),"",VLOOKUP(B79,טבלאות!$G:$H,2,0)) -> מזון ומשקאות | M79: =IF(OR(L79="",L79="?"),"",IF(L79>0,I79,"")) -> 58.31
A80: ויזה 3669 | B80: PAYBOX | C80: 04/02/2026 | D80: 260 | E80: כאל | F80: ישראל | G80: העברה לשרית קרת עבור שיעורים אמיר והילה | H80: 02/03/2026 | I80: 260 | K80: =IF(A80>0,VLOOKUP(A80,טבלאות!$J:$K,2,0),"") -> אשראי אורנה | L80: =IF(ISERROR(VLOOKUP(B80,טבלאות!$G:$H,2,0)),"",VLOOKUP(B80,טבלאות!$G:$H,2,0)) -> חוגים | M80: =IF(OR(L80="",L80="?"),"",IF(L80>0,I80,"")) -> 260
A81: ויזה 7520 | B81: מ. יוחננוף ובניו- רחובות | C81: 03/02/2026 | D81: 815.97 | E81: כאל | F81: ישראל | H81: 02/03/2026 | I81: 815.97 | K81: =IF(A81>0,VLOOKUP(A81,טבלאות!$J:$K,2,0),"") -> אשראי מיכה | L81: =IF(ISERROR(VLOOKUP(B81,טבלאות!$G:$H,2,0)),"",VLOOKUP(B81,טבלאות!$G:$H,2,0)) -> מזון ומשקאות | M81: =IF(OR(L81="",L81="?"),"",IF(L81>0,I81,"")) -> 815.97
A82: ויזה 7520 | B82: גליקסמן שיווק ביצים | C82: 03/02/2026 | D82: 72 | E82: כאל | F82: ישראל | H82: 02/03/2026 | I82: 72 | K82: =IF(A82>0,VLOOKUP(A82,טבלאות!$J:$K,2,0),"") -> אשראי מיכה | L82: =IF(ISERROR(VLOOKUP(B82,טבלאות!$G:$H,2,0)),"",VLOOKUP(B82,טבלאות!$G:$H,2,0)) -> מזון ומשקאות | M82: =IF(OR(L82="",L82="?"),"",IF(L82>0,I82,"")) -> 72
A83: ויזה 7520 | B83: באג נס ציונה | C83: 03/02/2026 | D83: 245.1 | E83: כאל | F83: ישראל | H83: 02/03/2026 | I83: 245.1 | K83: =IF(A83>0,VLOOKUP(A83,טבלאות!$J:$K,2,0),"") -> אשראי מיכה | L83: =IF(ISERROR(VLOOKUP(B83,טבלאות!$G:$H,2,0)),"",VLOOKUP(B83,טבלאות!$G:$H,2,0)) -> מוצרי חשמל ותקשורת | M83: =IF(OR(L83="",L83="?"),"",IF(L83>0,I83,"")) -> 245.1
A84: ויזה 3669 | B84: סגול פרופשיונל בע"מ-גמא | C84: 03/02/2026 | D84: 52 | E84: כאל | F84: ישראל | H84: 02/03/2026 | I84: 52 | K84: =IF(A84>0,VLOOKUP(A84,טבלאות!$J:$K,2,0),"") -> אשראי אורנה | L84: =IF(ISERROR(VLOOKUP(B84,טבלאות!$G:$H,2,0)),"",VLOOKUP(B84,טבלאות!$G:$H,2,0)) -> בילוי ומסעדות | M84: =IF(OR(L84="",L84="?"),"",IF(L84>0,I84,"")) -> 52
A85: ויזה 3669 | B85: סופר פארם רחובות | C85: 03/02/2026 | D85: 144.6 | E85: כאל | F85: ישראל | H85: 02/03/2026 | I85: 144.6 | K85: =IF(A85>0,VLOOKUP(A85,טבלאות!$J:$K,2,0),"") -> אשראי אורנה | L85: =IF(ISERROR(VLOOKUP(B85,טבלאות!$G:$H,2,0)),"",VLOOKUP(B85,טבלאות!$G:$H,2,0)) -> בריאות | M85: =IF(OR(L85="",L85="?"),"",IF(L85>0,I85,"")) -> 144.6
A86: ויזה 3669 | B86: סקארה -רחובות | C86: 03/02/2026 | D86: 39.9 | E86: כאל | F86: ישראל | H86: 02/03/2026 | I86: 39.9 | K86: =IF(A86>0,VLOOKUP(A86,טבלאות!$J:$K,2,0),"") -> אשראי אורנה | L86: =IF(ISERROR(VLOOKUP(B86,טבלאות!$G:$H,2,0)),"",VLOOKUP(B86,טבלאות!$G:$H,2,0)) -> תרבות ופנאי | M86: =IF(OR(L86="",L86="?"),"",IF(L86>0,I86,"")) -> 39.9
A87: ויזה 3669 | B87: אורבניקה קניון רחובות | C87: 03/02/2026 | D87: 20 | E87: כאל | F87: ישראל | H87: 02/03/2026 | I87: 20 | K87: =IF(A87>0,VLOOKUP(A87,טבלאות!$J:$K,2,0),"") -> אשראי אורנה | L87: =IF(ISERROR(VLOOKUP(B87,טבלאות!$G:$H,2,0)),"",VLOOKUP(B87,טבלאות!$G:$H,2,0)) -> ביגוד והנעלה | M87: =IF(OR(L87="",L87="?"),"",IF(L87>0,I87,"")) -> 20
A88: ויזה 7520 | B88: חניון קניון מודיעין | C88: 02/02/2026 | D88: 97 | E88: כאל | F88: ישראל | H88: 02/03/2026 | I88: 97 | K88: =IF(A88>0,VLOOKUP(A88,טבלאות!$J:$K,2,0),"") -> אשראי מיכה | L88: =IF(ISERROR(VLOOKUP(B88,טבלאות!$G:$H,2,0)),"",VLOOKUP(B88,טבלאות!$G:$H,2,0)) -> רכב ותחבורה | M88: =IF(OR(L88="",L88="?"),"",IF(L88>0,I88,"")) -> 97
A89: ויזה 7520 | B89: GOOGLE*CLOUD DCC9R2 | C89: 01/02/2026 | D89: 0.19 | E89: כאל | F89: חו"ל | G89: הוראת קבע אירלנד | H89: 02/03/2026 | I89: 0.19 | K89: =IF(A89>0,VLOOKUP(A89,טבלאות!$J:$K,2,0),"") -> אשראי מיכה | L89: =IF(ISERROR(VLOOKUP(B89,טבלאות!$G:$H,2,0)),"",VLOOKUP(B89,טבלאות!$G:$H,2,0)) -> שונות | M89: =IF(OR(L89="",L89="?"),"",IF(L89>0,I89,"")) -> 0.19
A90: ויזה 7520 | B90: סנטר 1 שערי ירושלים בעמ | C90: 01/02/2026 | D90: 90 | E90: כאל | F90: ישראל | H90: 02/03/2026 | I90: 90 | K90: =IF(A90>0,VLOOKUP(A90,טבלאות!$J:$K,2,0),"") -> אשראי מיכה | L90: =IF(ISERROR(VLOOKUP(B90,טבלאות!$G:$H,2,0)),"",VLOOKUP(B90,טבלאות!$G:$H,2,0)) -> רכב ותחבורה | M90: =IF(OR(L90="",L90="?"),"",IF(L90>0,I90,"")) -> 90
A91: ויזה 7520 | B91: מ. יוחננוף ובניו- רחובות | C91: 01/02/2026 | D91: 16.4 | E91: כאל | F91: ישראל | H91: 02/03/2026 | I91: 16.4 | K91: =IF(A91>0,VLOOKUP(A91,טבלאות!$J:$K,2,0),"") -> אשראי מיכה | L91: =IF(ISERROR(VLOOKUP(B91,טבלאות!$G:$H,2,0)),"",VLOOKUP(B91,טבלאות!$G:$H,2,0)) -> מזון ומשקאות | M91: =IF(OR(L91="",L91="?"),"",IF(L91>0,I91,"")) -> 16.4
A92: ויזה 3669 | B92: שטראוס מים בע"מ הו"ק | C92: 01/02/2026 | D92: 382.9 | E92: כאל | F92: ישראל | G92: הוראת קבע | H92: 02/03/2026 | I92: 382.9 | K92: =IF(A92>0,VLOOKUP(A92,טבלאות!$J:$K,2,0),"") -> אשראי אורנה | L92: =IF(ISERROR(VLOOKUP(B92,טבלאות!$G:$H,2,0)),"",VLOOKUP(B92,טבלאות!$G:$H,2,0)) -> בית וגן | M92: =IF(OR(L92="",L92="?"),"",IF(L92>0,I92,"")) -> 382.9
A93: ויזה 3669 | B93: הסתדרות העובדים הלאומית | C93: 01/02/2026 | D93: 30 | E93: כאל | F93: ישראל | G93: הוראת קבע | H93: 02/03/2026 | I93: 30 | K93: =IF(A93>0,VLOOKUP(A93,טבלאות!$J:$K,2,0),"") -> אשראי אורנה | L93: =IF(ISERROR(VLOOKUP(B93,טבלאות!$G:$H,2,0)),"",VLOOKUP(B93,טבלאות!$G:$H,2,0)) -> שונות | M93: =IF(OR(L93="",L93="?"),"",IF(L93>0,I93,"")) -> 30
A94: ויזה 3669 | B94: אורט רב מוטב | C94: 25/12/2025 | D94: 8956 | E94: כאל | F94: תשלום-ישראל | G94: 3 מ - 12 | H94: 02/03/2026 | I94: 746 | K94: =IF(A94>0,VLOOKUP(A94,טבלאות!$J:$K,2,0),"") -> אשראי אורנה | L94: =IF(ISERROR(VLOOKUP(B94,טבלאות!$G:$H,2,0)),"",VLOOKUP(B94,טבלאות!$G:$H,2,0)) -> בית ספר | M94: =IF(OR(L94="",L94="?"),"",IF(L94>0,I94,"")) -> 746
A95: ויזה 3669 | B95: מרכז הנופש בע"מ | C95: 07/09/2025 | D95: 2430 | E95: כאל | F95: תשלום-ישראל | G95: 6 מ - 9 | H95: 02/03/2026 | I95: 270 | K95: =IF(A95>0,VLOOKUP(A95,טבלאות!$J:$K,2,0),"") -> אשראי אורנה | L95: =IF(ISERROR(VLOOKUP(B95,טבלאות!$G:$H,2,0)),"",VLOOKUP(B95,טבלאות!$G:$H,2,0)) -> חוגים | M95: =IF(OR(L95="",L95="?"),"",IF(L95>0,I95,"")) -> 270
A96: ויזה 3669 | B96: מכון דוידסון-צמרת | C96: 28/07/2025 | D96: 3650 | E96: כאל | F96: תשלום-ישראל | G96: 8 מ - 10 | H96: 02/03/2026 | I96: 365 | K96: =IF(A96>0,VLOOKUP(A96,טבלאות!$J:$K,2,0),"") -> אשראי אורנה | L96: =IF(ISERROR(VLOOKUP(B96,טבלאות!$G:$H,2,0)),"",VLOOKUP(B96,טבלאות!$G:$H,2,0)) -> חוגים | M96: =IF(OR(L96="",L96="?"),"",IF(L96>0,I96,"")) -> 365
A97: ויזה פלטינום | B97: שלי רחובות | C97: 46065 | D97: 70.6 | H97: 46083 | I97: 70.6 | L97: =IF(ISERROR(VLOOKUP(B97,טבלאות!$G:$H,2,0)),"",VLOOKUP(B97,טבלאות!$G:$H,2,0)) -> מזון ומשקאות | M97: =IF(OR(L97="",L97="?"),"",IF(L97>0,I97,"")) -> 70.6
A98: ויזה פלטינום | B98: דמי כרטיס | C98: 46057 | D98: 12.9 | H98: 46083 | I98: 0 | L98: =IF(ISERROR(VLOOKUP(B98,טבלאות!$G:$H,2,0)),"",VLOOKUP(B98,טבלאות!$G:$H,2,0)) -> שירותי בנקאות | M98: =IF(OR(L98="",L98="?"),"",IF(L98>0,I98,"")) -> 0
A99: ויזה פלטינום | B99: ניו דלי שואבה צ. שורש | C99: 46061 | D99: 83 | H99: 46083 | I99: 83 | L99: =IF(ISERROR(VLOOKUP(B99,טבלאות!$G:$H,2,0)),"",VLOOKUP(B99,טבלאות!$G:$H,2,0)) -> מזון ומשקאות | M99: =IF(OR(L99="",L99="?"),"",IF(L99>0,I99,"")) -> 83
A100: מקס איט פי | B100: המרכז הרב תחומי | C100: 46039 | D100: 5250 | H100: 46083 | I100: 5250 | L100: =IF(ISERROR(VLOOKUP(B100,טבלאות!$G:$H,2,0)),"",VLOOKUP(B100,טבלאות!$G:$H,2,0)) -> חינוך ומשפחה | M100: =IF(OR(L100="",L100="?"),"",IF(L100>0,I100,"")) -> 5250
A101: ישראכרט | B101: מועדון טוב | C101: 46060 | D101: 205 | H101: 46083 | I101: 205 | L101: =IF(ISERROR(VLOOKUP(B101,טבלאות!$G:$H,2,0)),"",VLOOKUP(B101,טבלאות!$G:$H,2,0)) -> תרבות ופנאי | M101: =IF(OR(L101="",L101="?"),"",IF(L101>0,I101,"")) -> 205
A102: ישראכרט | B102: איילון ביטוח חיים וב | C102: 46065 | D102: 53.07 | H102: 46083 | I102: 53.07 | L102: =IF(ISERROR(VLOOKUP(B102,טבלאות!$G:$H,2,0)),"",VLOOKUP(B102,טבלאות!$G:$H,2,0)) -> ביטוח | M102: =IF(OR(L102="",L102="?"),"",IF(L102>0,I102,"")) -> 53.07
A103: ישראכרט | B103: איילון ביטוח חיים וב | C103: 46065 | D103: 53.07 | H103: 46083 | I103: 53.07 | L103: =IF(ISERROR(VLOOKUP(B103,טבלאות!$G:$H,2,0)),"",VLOOKUP(B103,טבלאות!$G:$H,2,0)) -> ביטוח | M103: =IF(OR(L103="",L103="?"),"",IF(L103>0,I103,"")) -> 53.07
A104: ישראכרט | B104: איילון ביטוח חיים וב | C104: 46065 | D104: 107.13 | H104: 46083 | I104: 107.13 | L104: =IF(ISERROR(VLOOKUP(B104,טבלאות!$G:$H,2,0)),"",VLOOKUP(B104,טבלאות!$G:$H,2,0)) -> ביטוח | M104: =IF(OR(L104="",L104="?"),"",IF(L104>0,I104,"")) -> 107.13
A105: ישראכרט | B105: איילון ביטוח חיים וב | C105: 46065 | D105: 142.26 | H105: 46083 | I105: 142.26 | L105: =IF(ISERROR(VLOOKUP(B105,טבלאות!$G:$H,2,0)),"",VLOOKUP(B105,טבלאות!$G:$H,2,0)) -> ביטוח | M105: =IF(OR(L105="",L105="?"),"",IF(L105>0,I105,"")) -> 142.26
A106: ישראכרט | B106: איילון ביטוח חיים וב | C106: 46065 | D106: 138.94 | H106: 46083 | I106: 138.94 | L106: =IF(ISERROR(VLOOKUP(B106,טבלאות!$G:$H,2,0)),"",VLOOKUP(B106,טבלאות!$G:$H,2,0)) -> ביטוח | M106: =IF(OR(L106="",L106="?"),"",IF(L106>0,I106,"")) -> 138.94
A107: ויזה 1618 | B107: USCUSTOMS ESTA APPL PMT | C107: 46038 | D107: 40.27 | H107: 46083 | I107: 128.77 | L107: =IF(ISERROR(VLOOKUP(B107,טבלאות!$G:$H,2,0)),"",VLOOKUP(B107,טבלאות!$G:$H,2,0)) -> ילדים | M107: =IF(OR(L107="",L107="?"),"",IF(L107>0,I107,"")) -> 128.77
A108: ויזה 1618 | B108: הראל-ביטוחי חו"ל | C108: 46058 | D108: 367.23 | H108: 46083 | I108: 367.23 | L108: =IF(ISERROR(VLOOKUP(B108,טבלאות!$G:$H,2,0)),"",VLOOKUP(B108,טבלאות!$G:$H,2,0)) -> ביטוח | M108: =IF(OR(L108="",L108="?"),"",IF(L108>0,I108,"")) -> 367.23
A109: ויזה 1618 | B109: מרחבים טל חניונים | C109: 46076 | D109: 10 | H109: 46083 | I109: 10 | L109: =IF(ISERROR(VLOOKUP(B109,טבלאות!$G:$H,2,0)),"",VLOOKUP(B109,טבלאות!$G:$H,2,0)) -> רכב ותחבורה | M109: =IF(OR(L109="",L109="?"),"",IF(L109>0,I109,"")) -> 10
...

Sheet 4
A1: כרטיס | B1: בית עסק | C1: תאריך עסקה | D1: סכום העסקה | E1: מנפיק | F1: סוג העסקה | G1: פירוט | H1: תאריך החיוב | I1: סכום לחיוב | J1: פירוט נוסף | K1: סוג כרטיס | L1: סוג הוצאה | M1: סכום הוצאה | N1: הערות פנימיות
A2: ויזה 7520 | B2: בריין בינה בעמ | C2: 46112 | D2: 37 | I2: 37 | K2: =IF(A2>0,VLOOKUP(A2,טבלאות!$J:$K,2,0),"") -> אשראי מיכה | L2: =IF(ISERROR(VLOOKUP(B2,טבלאות!$G:$H,2,0)),"",VLOOKUP(B2,טבלאות!$G:$H,2,0)) -> מוצרי חשמל ותקשורת | M2: =IF(OR(L2="",L2="?"),"",IF(L2>0,I2,"")) -> 37
A3: ויזה 7520 | B3: מרכז הפרחים בנצי רחובות | C3: 46112 | D3: 45 | I3: 45 | K3: =IF(A3>0,VLOOKUP(A3,טבלאות!$J:$K,2,0),"") -> אשראי מיכה | L3: =IF(ISERROR(VLOOKUP(B3,טבלאות!$G:$H,2,0)),"",VLOOKUP(B3,טבלאות!$G:$H,2,0)) -> בית וגן | M3: =IF(OR(L3="",L3="?"),"",IF(L3>0,I3,"")) -> 45
A4: ויזה 7520 | B4: טיב טעם רשתות חולון עזריאלי | C4: 46111 | D4: 32.6 | I4: 32.6 | K4: =IF(A4>0,VLOOKUP(A4,טבלאות!$J:$K,2,0),"") -> אשראי מיכה | L4: =IF(ISERROR(VLOOKUP(B4,טבלאות!$G:$H,2,0)),"",VLOOKUP(B4,טבלאות!$G:$H,2,0)) -> מזון ומשקאות | M4: =IF(OR(L4="",L4="?"),"",IF(L4>0,I4,"")) -> 32.6
A5: ויזה 7520 | B5: כלל ביטוח חיים הו"ק | C5: 46111 | D5: 79.92 | I5: 79.92 | K5: =IF(A5>0,VLOOKUP(A5,טבלאות!$J:$K,2,0),"") -> אשראי מיכה | L5: =IF(ISERROR(VLOOKUP(B5,טבלאות!$G:$H,2,0)),"",VLOOKUP(B5,טבלאות!$G:$H,2,0)) -> ביטוח | M5: =IF(OR(L5="",L5="?"),"",IF(L5>0,I5,"")) -> 79.92
A6: ויזה 7520 | B6: מ. יוחננוף ובניו- רחובות מרכז סנטרו | C6: 46110 | D6: 240.66 | I6: 240.66 | K6: =IF(A6>0,VLOOKUP(A6,טבלאות!$J:$K,2,0),"") -> אשראי מיכה | L6: =IF(ISERROR(VLOOKUP(B6,טבלאות!$G:$H,2,0)),"",VLOOKUP(B6,טבלאות!$G:$H,2,0)) -> מזון ומשקאות | M6: =IF(OR(L6="",L6="?"),"",IF(L6>0,I6,"")) -> 240.66
A7: ויזה 7520 | B7: גולן טלקום | C7: 46110 | D7: 137.01 | I7: 137.01 | K7: =IF(A7>0,VLOOKUP(A7,טבלאות!$J:$K,2,0),"") -> אשראי מיכה | L7: =IF(ISERROR(VLOOKUP(B7,טבלאות!$G:$H,2,0)),"",VLOOKUP(B7,טבלאות!$G:$H,2,0)) -> מוצרי חשמל ותקשורת | M7: =IF(OR(L7="",L7="?"),"",IF(L7>0,I7,"")) -> 137.01
A8: ויזה 7520 | B8: PAYPAL *NETFLIX COM | C8: 46110 | D8: 69.9 | I8: 69.9 | K8: =IF(A8>0,VLOOKUP(A8,טבלאות!$J:$K,2,0),"") -> אשראי מיכה | L8: =IF(ISERROR(VLOOKUP(B8,טבלאות!$G:$H,2,0)),"",VLOOKUP(B8,טבלאות!$G:$H,2,0)) -> מוצרי חשמל ותקשורת | M8: =IF(OR(L8="",L8="?"),"",IF(L8>0,I8,"")) -> 69.9
A9: ויזה 7520 | B9: טיב טעם רשתות רחובות | C9: 46109 | D9: 451.07 | I9: 451.07 | K9: =IF(A9>0,VLOOKUP(A9,טבלאות!$J:$K,2,0),"") -> אשראי מיכה | L9: =IF(ISERROR(VLOOKUP(B9,טבלאות!$G:$H,2,0)),"",VLOOKUP(B9,טבלאות!$G:$H,2,0)) -> מזון ומשקאות | M9: =IF(OR(L9="",L9="?"),"",IF(L9>0,I9,"")) -> 451.07
A10: ויזה 7520 | B10: מ. יוחננוף ובניו- רחובות מרכז סנטרו | C10: 46107 | D10: 437.11 | I10: 437.11 | K10: =IF(A10>0,VLOOKUP(A10,טבלאות!$J:$K,2,0),"") -> אשראי מיכה | L10: =IF(ISERROR(VLOOKUP(B10,טבלאות!$G:$H,2,0)),"",VLOOKUP(B10,טבלאות!$G:$H,2,0)) -> מזון ומשקאות | M10: =IF(OR(L10="",L10="?"),"",IF(L10>0,I10,"")) -> 437.11
A11: ויזה 7520 | B11: CELLO | C11: 46107 | D11: 59.7 | I11: 59.7 | K11: =IF(A11>0,VLOOKUP(A11,טבלאות!$J:$K,2,0),"") -> אשראי מיכה | L11: =IF(ISERROR(VLOOKUP(B11,טבלאות!$G:$H,2,0)),"",VLOOKUP(B11,טבלאות!$G:$H,2,0)) -> רכב ותחבורה | M11: =IF(OR(L11="",L11="?"),"",IF(L11>0,I11,"")) -> 59.7
A12: ויזה 7520 | B12: גליקסמן שיווק ביצים | C12: 46107 | D12: 72 | I12: 72 | K12: =IF(A12>0,VLOOKUP(A12,טבלאות!$J:$K,2,0),"") -> אשראי מיכה | L12: =IF(ISERROR(VLOOKUP(B12,טבלאות!$G:$H,2,0)),"",VLOOKUP(B12,טבלאות!$G:$H,2,0)) -> מזון ומשקאות | M12: =IF(OR(L12="",L12="?"),"",IF(L12>0,I12,"")) -> 72
A13: ויזה 7520 | B13: דוכן הפרדסן מקס איט ניכיונות בע"מ | C13: 46105 | D13: 30.17 | I13: 30.17 | K13: =IF(A13>0,VLOOKUP(A13,טבלאות!$J:$K,2,0),"") -> אשראי מיכה | L13: =IF(ISERROR(VLOOKUP(B13,טבלאות!$G:$H,2,0)),"",VLOOKUP(B13,טבלאות!$G:$H,2,0)) -> מזון ומשקאות | M13: =IF(OR(L13="",L13="?"),"",IF(L13>0,I13,"")) -> 30.17
... A60: ויזה 3669 | B60: BIT | C60: 46082 | D60: 400 | I60: 400 | K60: =IF(A60>0,VLOOKUP(A60,טבלאות!$J:$K,2,0),"") -> אשראי אורנה | L60: =IF(ISERROR(VLOOKUP(B60,טבלאות!$G:$H,2,0)),"",VLOOKUP(B60,טבלאות!$G:$H,2,0)) -> מתנות ומזכרות | M60: =IF(OR(L60="",L60="?"),"",IF(L60>0,I60,"")) -> 400
A61: ויזה 3669 | B61: אורט רב מוטב | C61: 46016 | D61: 8956 | G61: תשלום 4 מתוך 12 | I61: 746 | K61: =IF(A61>0,VLOOKUP(A61,טבלאות!$J:$K,2,0),"") -> אשראי אורנה | L61: =IF(ISERROR(VLOOKUP(B61,טבלאות!$G:$H,2,0)),"",VLOOKUP(B61,טבלאות!$G:$H,2,0)) -> בית ספר | M61: =IF(OR(L61="",L61="?"),"",IF(L61>0,I61,"")) -> 746
A62: ויזה 3669 | B62: מרכז הנופש בע"מ | C62: 45907 | D62: 2430 | G62: תשלום 7 מתוך 9 | I62: 270 | K62: =IF(A62>0,VLOOKUP(A62,טבלאות!$J:$K,2,0),"") -> אשראי אורנה | L62: =IF(ISERROR(VLOOKUP(B62,טבלאות!$G:$H,2,0)),"",VLOOKUP(B62,טבלאות!$G:$H,2,0)) -> חוגים | M62: =IF(OR(L62="",L62="?"),"",IF(L62>0,I62,"")) -> 270
A63: ויזה 3669 | B63: מכון דוידסון-צמרת | C63: 45866 | D63: 3650 | G63: תשלום 9 מתוך 10 | I63: 365 | K63: =IF(A63>0,VLOOKUP(A63,טבלאות!$J:$K,2,0),"") -> אשראי אורנה | L63: =IF(ISERROR(VLOOKUP(B63,טבלאות!$G:$H,2,0)),"",VLOOKUP(B63,טבלאות!$G:$H,2,0)) -> חוגים | M63: =IF(OR(L63="",L63="?"),"",IF(L63>0,I63,"")) -> 365
A64: ויזה 1618 | B64: A004 FI RVN Airport Ahkio | C64: 46076 | D64: 3.7 | I64: 13.83 | K64: =IF(A64>0,VLOOKUP(A64,טבלאות!$J:$K,2,0),"") -> הסתדרות | L64: =IF(ISERROR(VLOOKUP(B64,טבלאות!$G:$H,2,0)),"",VLOOKUP(B64,טבלאות!$G:$H,2,0)) -> נופש | M64: =IF(OR(L64="",L64="?"),"",IF(L64>0,I64,"")) -> 13.83
A65: ויזה 1618 | B65: A004 FI RVN Airport Ahkio | C65: 46076 | D65: 35 | I65: 130.85 | K65: =IF(A65>0,VLOOKUP(A65,טבלאות!$J:$K,2,0),"") -> הסתדרות | L65: =IF(ISERROR(VLOOKUP(B65,טבלאות!$G:$H,2,0)),"",VLOOKUP(B65,טבלאות!$G:$H,2,0)) -> נופש | M65: =IF(OR(L65="",L65="?"),"",IF(L65>0,I65,"")) -> 130.85
A66: ויזה 1618 | B66: Fazer Makeiset Oy | C66: 46074 | D66: 22.7 | I66: 84.99 | K66: =IF(A66>0,VLOOKUP(A66,טבלאות!$J:$K,2,0),"") -> הסתדרות | L66: =IF(ISERROR(VLOOKUP(B66,טבלאות!$G:$H,2,0)),"",VLOOKUP(B66,טבלאות!$G:$H,2,0)) -> נופש | M66: =IF(OR(L66="",L66="?"),"",IF(L66>0,I66,"")) -> 84.99
A67: ויזה 1618 | B67: K-SUPERMARKET RINTEENKULM | C67: 46074 | D67: 32.21 | I67: 120.59 | K67: =IF(A67>0,VLOOKUP(A67,טבלאות!$J:$K,2,0),"") -> הסתדרות | L67: =IF(ISERROR(VLOOKUP(B67,טבלאות!$G:$H,2,0)),"",VLOOKUP(B67,טבלאות!$G:$H,2,0)) -> נופש | M67: =IF(OR(L67="",L67="?"),"",IF(L67>0,I67,"")) -> 120.59
A68: ויזה 1618 | B68: POLAR EXPLORER | C68: 46073 | D68: 25 | I68: 93.6 | K68: =IF(A68>0,VLOOKUP(A68,טבלאות!$J:$K,2,0),"") -> הסתדרות | L68: =IF(ISERROR(VLOOKUP(B68,טבלאות!$G:$H,2,0)),"",VLOOKUP(B68,טבלאות!$G:$H,2,0)) -> נופש | M68: =IF(OR(L68="",L68="?"),"",IF(L68>0,I68,"")) -> 93.6
A69: ויזה 1618 | B69: NYX*POLAREXPLORERMGAB | C69: 46073 | D69: 3.5 | I69: 13.1 | K69: =IF(A69>0,VLOOKUP(A69,טבלאות!$J:$K,2,0),"") -> הסתדרות | L69: =IF(ISERROR(VLOOKUP(B69,טבלאות!$G:$H,2,0)),"",VLOOKUP(B69,טבלאות!$G:$H,2,0)) -> נופש | M69: =IF(OR(L69="",L69="?"),"",IF(L69>0,I69,"")) -> 13.1
A70: ויזה 1618 | B70: NYX*POLAREXPLORERMGAB | C70: 46073 | D70: 3.5 | I70: 13.1 | K70: =IF(A70>0,VLOOKUP(A70,טבלאות!$J:$K,2,0),"") -> הסתדרות | L70: =IF(ISERROR(VLOOKUP(B70,טבלאות!$G:$H,2,0)),"",VLOOKUP(B70,טבלאות!$G:$H,2,0)) -> נופש | M70: =IF(OR(L70="",L70="?"),"",IF(L70>0,I70,"")) -> 13.1
A71: ויזה 1618 | B71: ZETTLE_*AUTTIKONKAAN P | C71: 46072 | D71: 10 | I71: 37.44 | K71: =IF(A71>0,VLOOKUP(A71,טבלאות!$J:$K,2,0),"") -> הסתדרות | L71: =IF(ISERROR(VLOOKUP(B71,טבלאות!$G:$H,2,0)),"",VLOOKUP(B71,טבלאות!$G:$H,2,0)) -> נופש | M71: =IF(OR(L71="",L71="?"),"",IF(L71>0,I71,"")) -> 37.44
A72: ויזה 1618 | B72: VFI*SANTA CLAUS HOLIDAY V | C72: 46071 | D72: 51.9 | I72: 195.26 | K72: =IF(A72>0,VLOOKUP(A72,טבלאות!$J:$K,2,0),"") -> הסתדרות | L72: =IF(ISERROR(VLOOKUP(B72,טבלאות!$G:$H,2,0)),"",VLOOKUP(B72,טבלאות!$G:$H,2,0)) -> נופש | M72: =IF(OR(L72="",L72="?"),"",IF(L72>0,I72,"")) -> 195.26
A73: ויזה 1618 | B73: VFI*SANTA CLAUS HOLIDAY V | C73: 46071 | D73: 56.9 | I73: 214.07 | K73: =IF(A73>0,VLOOKUP(A73,טבלאות!$J:$K,2,0),"") -> הסתדרות | L73: =IF(ISERROR(VLOOKUP(B73,טבלאות!$G:$H,2,0)),"",VLOOKUP(B73,טבלאות!$G:$H,2,0)) -> נופש | M73: =IF(OR(L73="",L73="?"),"",IF(L73>0,I73,"")) -> 214.07
A74: ויזה 1618 | B74: 96930 Posti (9096930) | C74: 46071 | D74: 12.75 | I74: 47.97 | K74: =IF(A74>0,VLOOKUP(A74,טבלאות!$J:$K,2,0),"") -> הסתדרות | L74: =IF(ISERROR(VLOOKUP(B74,טבלאות!$G:$H,2,0)),"",VLOOKUP(B74,טבלאות!$G:$H,2,0)) -> נופש | M74: =IF(OR(L74="",L74="?"),"",IF(L74>0,I74,"")) -> 47.97
A75: 9973 | B75: מועדון טוב פ. | C75: 46110 | D75: -49 | I75: -49 | K75: =IF(A75>0,VLOOKUP(A75,טבלאות!$J:$K,2,0),"") -> ישראכרט אורנה | L75: =IF(ISERROR(VLOOKUP(B75,טבלאות!$G:$H,2,0)),"",VLOOKUP(B75,טבלאות!$G:$H,2,0)) -> בילוי ומסעדות | M75: =IF(OR(L75="",L75="?"),"",IF(L75>0,I75,"")) -> -49
A76: 9973 | B76: מועדון טוב פ. | C76: 46107 | D76: 98 | I76: 98 | K76: =IF(A76>0,VLOOKUP(A76,טבלאות!$J:$K,2,0),"") -> ישראכרט אורנה | L76: =IF(ISERROR(VLOOKUP(B76,טבלאות!$G:$H,2,0)),"",VLOOKUP(B76,טבלאות!$G:$H,2,0)) -> בילוי ומסעדות | M76: =IF(OR(L76="",L76="?"),"",IF(L76>0,I76,"")) -> 98
A77: 9973 | B77: דמי כרטיס /הנפקה | C77: 46103 | D77: 17.9 | I77: 0 | K77: =IF(A77>0,VLOOKUP(A77,טבלאות!$J:$K,2,0),"") -> ישראכרט אורנה | L77: =IF(ISERROR(VLOOKUP(B77,טבלאות!$G:$H,2,0)),"",VLOOKUP(B77,טבלאות!$G:$H,2,0)) -> שירותי בנקאות | M77: =IF(OR(L77="",L77="?"),"",IF(L77>0,I77,"")) -> 0
A78: 9973 | B78: איילון ביטוח חיים וב | C78: 46092 | D78: 138.54 | I78: 138.54 | K78: =IF(A78>0,VLOOKUP(A78,טבלאות!$J:$K,2,0),"") -> ישראכרט אורנה | L78: =IF(ISERROR(VLOOKUP(B78,טבלאות!$G:$H,2,0)),"",VLOOKUP(B78,טבלאות!$G:$H,2,0)) -> ביטוח | M78: =IF(OR(L78="",L78="?"),"",IF(L78>0,I78,"")) -> 138.54
A79: 9973 | B79: איילון ביטוח חיים וב | C79: 46092 | D79: 141.85 | I79: 141.85 | K79: =IF(A79>0,VLOOKUP(A79,טבלאות!$J:$K,2,0),"") -> ישראכרט אורנה | L79: =IF(ISERROR(VLOOKUP(B79,טבלאות!$G:$H,2,0)),"",VLOOKUP(B79,טבלאות!$G:$H,2,0)) -> ביטוח | M79: =IF(OR(L79="",L79="?"),"",IF(L79>0,I79,"")) -> 141.85
A80: 9973 | B80: איילון ביטוח חיים וב | C80: 46092 | D80: 106.82 | I80: 106.82 | K80: =IF(A80>0,VLOOKUP(A80,טבלאות!$J:$K,2,0),"") -> ישראכרט אורנה | L80: =IF(ISERROR(VLOOKUP(B80,טבלאות!$G:$H,2,0)),"",VLOOKUP(B80,טבלאות!$G:$H,2,0)) -> ביטוח | M80: =IF(OR(L80="",L80="?"),"",IF(L80>0,I80,"")) -> 106.82
A81: 9973 | B81: איילון ביטוח חיים וב | C81: 46092 | D81: 52.92 | I81: 52.92 | K81: =IF(A81>0,VLOOKUP(A81,טבלאות!$J:$K,2,0),"") -> ישראכרט אורנה | L81: =IF(ISERROR(VLOOKUP(B81,טבלאות!$G:$H,2,0)),"",VLOOKUP(B81,טבלאות!$G:$H,2,0)) -> ביטוח | M81: =IF(OR(L81="",L81="?"),"",IF(L81>0,I81,"")) -> 52.92
A82: 9973 | B82: איילון ביטוח חיים וב | C82: 46092 | D82: 52.92 | I82: 52.92 | K82: =IF(A82>0,VLOOKUP(A82,טבלאות!$J:$K,2,0),"") -> ישראכרט אורנה | L82: =IF(ISERROR(VLOOKUP(B82,טבלאות!$G:$H,2,0)),"",VLOOKUP(B82,טבלאות!$G:$H,2,0)) -> ביטוח | M82: =IF(OR(L82="",L82="?"),"",IF(L82>0,I82,"")) -> 52.92
A83: ויזה פלטינום | B83: קואופ רחובות | C83: 46103 | D83: 22 | I83: 22 | K83: =IF(A83>0,VLOOKUP(A83,טבלאות!$J:$K,2,0),"") -> שופרסל | L83: =IF(ISERROR(VLOOKUP(B83,טבלאות!$G:$H,2,0)),"",VLOOKUP(B83,טבלאות!$G:$H,2,0)) -> מזון ומשקאות | M83: =IF(OR(L83="",L83="?"),"",IF(L83>0,I83,"")) -> 22
A84: ויזה פלטינום | B84: מ. יוחננוף ובניו- רחובות מרכז סנטרו | C84: 46089 | D84: 43.7 | I84: 43.7 | K84: =IF(A84>0,VLOOKUP(A84,טבלאות!$J:$K,2,0),"") -> שופרסל | L84: =IF(ISERROR(VLOOKUP(B84,טבלאות!$G:$H,2,0)),"",VLOOKUP(B84,טבלאות!$G:$H,2,0)) -> מזון ומשקאות | M84: =IF(OR(L84="",L84="?"),"",IF(L84>0,I84,"")) -> 43.7
A85: ויזה פלטינום | B85: דמי כרטיס | C85: 46085 | D85: 12.9 | K85: =IF(A85>0,VLOOKUP(A85,טבלאות!$J:$K,2,0),"") -> שופרסל | L85: =IF(ISERROR(VLOOKUP(B85,טבלאות!$G:$H,2,0)),"",VLOOKUP(B85,טבלאות!$G:$H,2,0)) -> שירותי בנקאות | M85: =IF(OR(L85="",L85="?"),"",IF(L85>0,I85,"")) -> 0
K86: =IF(A86>0,VLOOKUP(A86,טבלאות!$J:$K,2,0),"") | L86: =IF(ISERROR(VLOOKUP(B86,טבלאות!$G:$H,2,0)),"",VLOOKUP(B86,טבלאות!$G:$H,2,0)) | M86: =IF(OR(L86="",L86="?"),"",IF(L86>0,I86,""))
K87: =IF(A87>0,VLOOKUP(A87,טבלאות!$J:$K,2,0),"") | L87: =IF(ISERROR(VLOOKUP(B87,טבלאות!$G:$H,2,0)),"",VLOOKUP(B87,טבלאות!$G:$H,2,0)) | M87: =IF(OR(L87="",L87="?"),"",IF(L87>0,I87,""))
K88: =IF(A88>0,VLOOKUP(A88,טבלאות!$J:$K,2,0),"") | L88: =IF(ISERROR(VLOOKUP(B88,טבלאות!$G:$H,2,0)),"",VLOOKUP(B88,טבלאות!$G:$H,2,0)) | M88: =IF(OR(L88="",L88="?"),"",IF(L88>0,I88,""))
K89: =IF(A89>0,VLOOKUP(A89,טבלאות!$J:$K,2,0),"") | L89: =IF(ISERROR(VLOOKUP(B89,טבלאות!$G:$H,2,0)),"",VLOOKUP(B89,טבלאות!$G:$H,2,0)) | M89: =IF(OR(L89="",L89="?"),"",IF(L89>0,I89,""))
K90: =IF(A90>0,VLOOKUP(A90,טבלאות!$J:$K,2,0),"") | L90: =IF(ISERROR(VLOOKUP(B90,טבלאות!$G:$H,2,0)),"",VLOOKUP(B90,טבלאות!$G:$H,2,0)) | M90: =IF(OR(L90="",L90="?"),"",IF(L90>0,I90,""))
K91: =IF(A91>0,VLOOKUP(A91,טבלאות!$J:$K,2,0),"") | L91: =IF(ISERROR(VLOOKUP(B91,טבלאות!$G:$H,2,0)),"",VLOOKUP(B91,טבלאות!$G:$H,2,0)) | M91: =IF(OR(L91="",L91="?"),"",IF(L91>0,I91,""))
K92: =IF(A92>0,VLOOKUP(A92,טבלאות!$J:$K,2,0),"") | L92: =IF(ISERROR(VLOOKUP(B92,טבלאות!$G:$H,2,0)),"",VLOOKUP(B92,טבלאות!$G:$H,2,0)) | M92: =IF(OR(L92="",L92="?"),"",IF(L92>0,I92,""))
K93: =IF(A93>0,VLOOKUP(A93,טבלאות!$J:$K,2,0),"") | L93: =IF(ISERROR(VLOOKUP(B93,טבלאות!$G:$H,2,0)),"",VLOOKUP(B93,טבלאות!$G:$H,2,0)) | M93: =IF(OR(L93="",L93="?"),"",IF(L93>0,I93,""))
K94: =IF(A94>0,VLOOKUP(A94,טבלאות!$J:$K,2,0),"") | L94: =IF(ISERROR(VLOOKUP(B94,טבלאות!$G:$H,2,0)),"",VLOOKUP(B94,טבלאות!$G:$H,2,0)) | M94: =IF(OR(L94="",L94="?"),"",IF(L94>0,I94,""))
K95: =IF(A95>0,VLOOKUP(A95,טבלאות!$J:$K,2,0),"") | L95: =IF(ISERROR(VLOOKUP(B95,טבלאות!$G:$H,2,0)),"",VLOOKUP(B95,טבלאות!$G:$H,2,0)) | M95: =IF(OR(L95="",L95="?"),"",IF(L95>0,I95,""))
K96: =IF(A96>0,VLOOKUP(A96,טבלאות!$J:$K,2,0),"") | L96: =IF(ISERROR(VLOOKUP(B96,טבלאות!$G:$H,2,0)),"",VLOOKUP(B96,טבלאות!$G:$H,2,0)) | M96: =IF(OR(L96="",L96="?"),"",IF(L96>0,I96,""))
L97: =IF(ISERROR(VLOOKUP(B97,טבלאות!$G:$H,2,0)),"",VLOOKUP(B97,טבלאות!$G:$H,2,0)) | M97: =IF(OR(L97="",L97="?"),"",IF(L97>0,I97,""))
L98: =IF(ISERROR(VLOOKUP(B98,טבלאות!$G:$H,2,0)),"",VLOOKUP(B98,טבלאות!$G:$H,2,0)) | M98: =IF(OR(L98="",L98="?"),"",IF(L98>0,I98,""))
L99: =IF(ISERROR(VLOOKUP(B99,טבלאות!$G:$H,2,0)),"",VLOOKUP(B99,טבלאות!$G:$H,2,0)) | M99: =IF(OR(L99="",L99="?"),"",IF(L99>0,I99,""))
L100: =IF(ISERROR(VLOOKUP(B100,טבלאות!$G:$H,2,0)),"",VLOOKUP(B100,טבלאות!$G:$H,2,0)) | M100: =IF(OR(L100="",L100="?"),"",IF(L100>0,I100,""))
L101: =IF(ISERROR(VLOOKUP(B101,טבלאות!$G:$H,2,0)),"",VLOOKUP(B101,טבלאות!$G:$H,2,0)) | M101: =IF(OR(L101="",L101="?"),"",IF(L101>0,I101,""))
L102: =IF(ISERROR(VLOOKUP(B102,טבלאות!$G:$H,2,0)),"",VLOOKUP(B102,טבלאות!$G:$H,2,0)) | M102: =IF(OR(L102="",L102="?"),"",IF(L102>0,I102,""))
L103: =IF(ISERROR(VLOOKUP(B103,טבלאות!$G:$H,2,0)),"",VLOOKUP(B103,טבלאות!$G:$H,2,0)) | M103: =IF(OR(L103="",L103="?"),"",IF(L103>0,I103,""))
L104: =IF(ISERROR(VLOOKUP(B104,טבלאות!$G:$H,2,0)),"",VLOOKUP(B104,טבלאות!$G:$H,2,0)) | M104: =IF(OR(L104="",L104="?"),"",IF(L104>0,I104,""))
L105: =IF(ISERROR(VLOOKUP(B105,טבלאות!$G:$H,2,0)),"",VLOOKUP(B105,טבלאות!$G:$H,2,0)) | M105: =IF(OR(L105="",L105="?"),"",IF(L105>0,I105,""))
L106: =IF(ISERROR(VLOOKUP(B106,טבלאות!$G:$H,2,0)),"",VLOOKUP(B106,טבלאות!$G:$H,2,0)) | M106: =IF(OR(L106="",L106="?"),"",IF(L106>0,I106,""))
L107: =IF(ISERROR(VLOOKUP(B107,טבלאות!$G:$H,2,0)),"",VLOOKUP(B107,טבלאות!$G:$H,2,0)) | M107: =IF(OR(L107="",L107="?"),"",IF(L107>0,I107,""))
L108: =IF(ISERROR(VLOOKUP(B108,טבלאות!$G:$H,2,0)),"",VLOOKUP(B108,טבלאות!$G:$H,2,0)) | M108: =IF(OR(L108="",L108="?"),"",IF(L108>0,I108,""))
... L113: =IF(ISERROR(VLOOKUP(B113,טבלאות!$G:$H,2,0)),"",VLOOKUP(B113,טבלאות!$G:$H,2,0)) | M113: =IF(OR(L113="",L113="?"),"",IF(L113>0,I113,""))

Sheet 5
A1: כרטיס | B1: בית עסק | C1: תאריך עסקה | D1: סכום העסקה | E1: מנפיק | F1: סוג העסקה | G1: פירוט | H1: תאריך החיוב | I1: סכום לחיוב | J1: פירוט נוסף | K1: סוג כרטיס | L1: סוג הוצאה | M1: סכום הוצאה | N1: הערות פנימיות
A2: ויזה 7520 | B2: בריין בינה בעמ | C2: 30/04/2026 | D2: 37 | E2: כאל | F2: ישראל | H2: 03/05/2026 | I2: 37 | K2: =IF(A2>0,VLOOKUP(A2,טבלאות!$J:$K,2,0),"") -> אשראי מיכה | L2: =IF(ISERROR(VLOOKUP(B2,טבלאות!$G:$H,2,0)),"",VLOOKUP(B2,טבלאות!$G:$H,2,0)) -> מוצרי חשמל ותקשורת | M2: =IF(OR(L2="",L2="?"),"",IF(L2>0,I2,"")) -> 37
A3: ויזה 7520 | B3: פיצוחי אלמליח | C3: 30/04/2026 | D3: 5.3 | E3: כאל | F3: ישראל | H3: 03/05/2026 | I3: 5.3 | K3: =IF(A3>0,VLOOKUP(A3,טבלאות!$J:$K,2,0),"") -> אשראי מיכה | L3: =IF(ISERROR(VLOOKUP(B3,טבלאות!$G:$H,2,0)),"",VLOOKUP(B3,טבלאות!$G:$H,2,0)) -> מזון ומשקאות | M3: =IF(OR(L3="",L3="?"),"",IF(L3>0,I3,"")) -> 5.3
A4: ויזה 7520 | B4: PAYPAL *NETFLIX COM | C4: 29/04/2026 | D4: 69.9 | E4: כאל | F4: חו"ל | G4: הוראת קבע הולנד . מזהה כרטיס אינטרנט 4470 | H4: 03/05/2026 | I4: 69.9 | K4: =IF(A4>0,VLOOKUP(A4,טבלאות!$J:$K,2,0),"") -> אשראי מיכה | L4: =IF(ISERROR(VLOOKUP(B4,טבלאות!$G:$H,2,0)),"",VLOOKUP(B4,טבלאות!$G:$H,2,0)) -> מוצרי חשמל ותקשורת | M4: =IF(OR(L4="",L4="?"),"",IF(L4>0,I4,"")) -> 69.9
A5: ויזה 7520 | B5: מ. יוחננוף ובניו- רחובות | C5: 29/04/2026 | D5: 36 | E5: כאל | F5: ישראל | H5: 03/05/2026 | I5: 36 | K5: =IF(A5>0,VLOOKUP(A5,טבלאות!$J:$K,2,0),"") -> אשראי מיכה | L5: =IF(ISERROR(VLOOKUP(B5,טבלאות!$G:$H,2,0)),"",VLOOKUP(B5,טבלאות!$G:$H,2,0)) -> מזון ומשקאות | M5: =IF(OR(L5="",L5="?"),"",IF(L5>0,I5,"")) -> 36
A6: ויזה 3669 | B6: משרד התחבורה - רשיונות רכ | C6: 29/04/2026 | D6: 1622 | E6: כאל | F6: ישראל | H6: 03/05/2026 | I6: 1622 | K6: =IF(A6>0,VLOOKUP(A6,טבלאות!$J:$K,2,0),"") -> אשראי אורנה | L6: =IF(ISERROR(VLOOKUP(B6,טבלאות!$G:$H,2,0)),"",VLOOKUP(B6,טבלאות!$G:$H,2,0)) -> רכב ותחבורה | M6: =IF(OR(L6="",L6="?"),"",IF(L6>0,I6,"")) -> 1622
A7: ויזה 3669 | B7: דלק מנטה קמעונאות דרכים ב | C7: 29/04/2026 | D7: 207.6 | E7: כאל | F7: ישראל | H7: 03/05/2026 | I7: 207.6 | K7: =IF(A7>0,VLOOKUP(A7,טבלאות!$J:$K,2,0),"") -> אשראי אורנה | L7: =IF(ISERROR(VLOOKUP(B7,טבלאות!$G:$H,2,0)),"",VLOOKUP(B7,טבלאות!$G:$H,2,0)) -> רכב ותחבורה | M7: =IF(OR(L7="",L7="?"),"",IF(L7>0,I7,"")) -> 207.6
A8: ויזה 3669 | B8: העברה ב BIT בנה"פ | C8: 29/04/2026 | D8: 130 | E8: כאל | F8: ישראל | G8: העברה לשרית קרת | H8: 03/05/2026 | I8: 130 | K8: =IF(A8>0,VLOOKUP(A8,טבלאות!$J:$K,2,0),"") -> אשראי אורנה | L8: =IF(ISERROR(VLOOKUP(B8,טבלאות!$G:$H,2,0)),"",VLOOKUP(B8,טבלאות!$G:$H,2,0)) -> חוגים | M8: =IF(OR(L8="",L8="?"),"",IF(L8>0,I8,"")) -> 130
A9: ויזה 7520 | B9: כלל ביטוח חיים הו"ק | C9: 28/04/2026 | D9: 80.23 | E9: כאל | F9: ישראל | G9: הוראת קבע | H9: 03/05/2026 | I9: 80.23 | K9: =IF(A9>0,VLOOKUP(A9,טבלאות!$J:$K,2,0),"") -> אשראי מיכה | L9: =IF(ISERROR(VLOOKUP(B9,טבלאות!$G:$H,2,0)),"",VLOOKUP(B9,טבלאות!$G:$H,2,0)) -> ביטוח | M9: =IF(OR(L9="",L9="?"),"",IF(L9>0,I9,"")) -> 80.23
A10: ויזה 7520 | B10: גולן טלקום | C10: 28/04/2026 | D10: 130.61 | E10: כאל | F10: ישראל | G10: הוראת קבע | H10: 03/05/2026 | I10: 130.61 | K10: =IF(A10>0,VLOOKUP(A10,טבלאות!$J:$K,2,0),"") -> אשראי מיכה | L10: =IF(ISERROR(VLOOKUP(B10,טבלאות!$G:$H,2,0)),"",VLOOKUP(B10,טבלאות!$G:$H,2,0)) -> מוצרי חשמל ותקשורת | M10: =IF(OR(L10="",L10="?"),"",IF(L10>0,I10,"")) -> 130.61
A11: ויזה 7520 | B11: גליקסמן שיווק ביצים | C11: 28/04/2026 | D11: 72 | E11: כאל | F11: ישראל | H11: 03/05/2026 | I11: 72 | K11: =IF(A11>0,VLOOKUP(A11,טבלאות!$J:$K,2,0),"") -> אשראי מיכה | L11: =IF(ISERROR(VLOOKUP(B11,טבלאות!$G:$H,2,0)),"",VLOOKUP(B11,טבלאות!$G:$H,2,0)) -> מזון ומשקאות | M11: =IF(OR(L11="",L11="?"),"",IF(L11>0,I11,"")) -> 72
A12: ויזה 7520 | B12: מ. יוחננוף ובניו- רחובות | C12: 28/04/2026 | D12: 508.05 | E12: כאל | F12: ישראל | H12: 03/05/2026 | I12: 508.05 | K12: =IF(A12>0,VLOOKUP(A12,טבלאות!$J:$K,2,0),"") -> אשראי מיכה | L12: =IF(ISERROR(VLOOKUP(B12,טבלאות!$G:$H,2,0)),"",VLOOKUP(B12,טבלאות!$G:$H,2,0)) -> מזון ומשקאות | M12: =IF(OR(L12="",L12="?"),"",IF(L12>0,I12,"")) -> 508.05
A13: ויזה 7520 | B13: דוכן הפרדסן מקס איט ניכיו | C13: 28/04/2026 | D13: 48.73 | E13: כאל | F13: ישראל | H13: 03/05/2026 | I13: 48.73 | K13: =IF(A13>0,VLOOKUP(A13,טבלאות!$J:$K,2,0),"") -> אשראי מיכה | L13: =IF(ISERROR(VLOOKUP(B13,טבלאות!$G:$H,2,0)),"",VLOOKUP(B13,טבלאות!$G:$H,2,0)) -> מזון ומשקאות | M13: =IF(OR(L13="",L13="?"),"",IF(L13>0,I13,"")) -> 48.73
A14: ויזה 7520 | B14: כביש 6 חוצה צפון בע"מ | C14: 27/04/2026 | D14: 2.82 | E14: כאל | F14: ישראל | G14: הוראת קבע חדשה בכרטיס | H14: 03/05/2026 | I14: 2.82 | K14: =IF(A14>0,VLOOKUP(A14,טבלאות!$J:$K,2,0),"") -> אשראי מיכה | L14: =IF(ISERROR(VLOOKUP(B14,טבלאות!$G:$H,2,0)),"",VLOOKUP(B14,טבלאות!$G:$H,2,0)) -> רכב ותחבורה | M14: =IF(OR(L14="",L14="?"),"",IF(L14>0,I14,"")) -> 2.82
A15: ויזה 7520 | B15: CELLO | C15: 27/04/2026 | D15: 61.02 | E15: כאל | F15: ישראל | G15: הוראת קבע | H15: 03/05/2026 | I15: 61.02 | K15: =IF(A15>0,VLOOKUP(A15,טבלאות!$J:$K,2,0),"") -> אשראי מיכה | L15: =IF(ISERROR(VLOOKUP(B15,טבלאות!$G:$H,2,0)),"",VLOOKUP(B15,טבלאות!$G:$H,2,0)) -> רכב ותחבורה | M15: =IF(OR(L15="",L15="?"),"",IF(L15>0,I15,"")) -> 61.02
A16: ויזה 7520 | B16: מ. יוחננוף ובניו- רחובות | C16: 27/04/2026 | D16: 59.5 | E16: כאל | F16: ישראל | H16: 03/05/2026 | I16: 59.5 | K16: =IF(A16>0,VLOOKUP(A16,טבלאות!$J:$K,2,0),"") -> אשראי מיכה | L16: =IF(ISERROR(VLOOKUP(B16,טבלאות!$G:$H,2,0)),"",VLOOKUP(B16,טבלאות!$G:$H,2,0)) -> מזון ומשקאות | M16: =IF(OR(L16="",L16="?"),"",IF(L16>0,I16,"")) -> 59.5
A17: ויזה 3669 | B17: ביטוח ישיר דירה | C17: 27/04/2026 | D17: 588.77 | E17: כאל | F17: ישראל | G17: הוראת קבע | H17: 03/05/2026 | I17: 588.77 | K17: =IF(A17>0,VLOOKUP(A17,טבלאות!$J:$K,2,0),"") -> אשראי אורנה | L17: =IF(ISERROR(VLOOKUP(B17,טבלאות!$G:$H,2,0)),"",VLOOKUP(B17,טבלאות!$G:$H,2,0)) -> ביטוח | M17: =IF(OR(L17="",L17="?"),"",IF(L17>0,I17,"")) -> 588.77
A18: ויזה 3669 | B18: הראל ביטוח חיים | C18: 26/04/2026 | D18: 57.09 | E18: כאל | F18: ישראל | G18: הוראת קבע | H18: 03/05/2026 | I18: 57.09 | K18: =IF(A18>0,VLOOKUP(A18,טבלאות!$J:$K,2,0),"") -> אשראי אורנה | L18: =IF(ISERROR(VLOOKUP(B18,טבלאות!$G:$H,2,0)),"",VLOOKUP(B18,טבלאות!$G:$H,2,0)) -> ביטוח | M18: =IF(OR(L18="",L18="?"),"",IF(L18>0,I18,"")) -> 57.09
A19: ויזה 3669 | B19: בזק הוראות קבע | C19: 26/04/2026 | D19: 163.53 | E19: כאל | F19: ישראל | G19: הוראת קבע | H19: 03/05/2026 | I19: 163.53 | K19: =IF(A19>0,VLOOKUP(A19,טבלאות!$J:$K,2,0),"") -> אשראי אורנה | L19: =IF(ISERROR(VLOOKUP(B19,טבלאות!$G:$H,2,0)),"",VLOOKUP(B19,טבלאות!$G:$H,2,0)) -> מוצרי חשמל ותקשורת | M19: =IF(OR(L19="",L19="?"),"",IF(L19>0,I19,"")) -> 163.53
A20: ויזה 3669 | B20: העברה ב BIT בנה"פ | C20: 26/04/2026 | D20: 520 | E20: כאל | F20: ישראל | G20: העברה לשרית קרת | H20: 03/05/2026 | I20: 520 | K20: =IF(A20>0,VLOOKUP(A20,טבלאות!$J:$K,2,0),"") -> אשראי אורנה | L20: =IF(ISERROR(VLOOKUP(B20,טבלאות!$G:$H,2,0)),"",VLOOKUP(B20,טבלאות!$G:$H,2,0)) -> חוגים | M20: =IF(OR(L20="",L20="?"),"",IF(L20>0,I20,"")) -> 520
A21: ויזה 7520 | B21: דוכן הפרדסן מקס איט ניכיו | C21: 24/04/2026 | D21: 96.3 | E21: כאל | F21: ישראל | H21: 03/05/2026 | I21: 96.3 | K21: =IF(A21>0,VLOOKUP(A21,טבלאות!$J:$K,2,0),"") -> אשראי מיכה | L21: =IF(ISERROR(VLOOKUP(B21,טבלאות!$G:$H,2,0)),"",VLOOKUP(B21,טבלאות!$G:$H,2,0)) -> מזון ומשקאות | M21: =IF(OR(L21="",L21="?"),"",IF(L21>0,I21,"")) -> 96.3
A22: ויזה 7520 | B22: סופרפארם שער רחובות | C22: 24/04/2026 | D22: 34.4 | E22: כאל | F22: ישראל | H22: 03/05/2026 | I22: 34.4 | K22: =IF(A22>0,VLOOKUP(A22,טבלאות!$J:$K,2,0),"") -> אשראי מיכה | L22: =IF(ISERROR(VLOOKUP(B22,טבלאות!$G:$H,2,0)),"",VLOOKUP(B22,טבלאות!$G:$H,2,0)) -> בריאות | M22: =IF(OR(L22="",L22="?"),"",IF(L22>0,I22,"")) -> 34.4
A23: ויזה 7520 | B23: טיב טעם רשתות רחובות | C23: 24/04/2026 | D23: 159.02 | E23: כאל | F23: ישראל | H23: 03/05/2026 | I23: 159.02 | K23: =IF(A23>0,VLOOKUP(A23,טבלאות!$J:$K,2,0),"") -> אשראי מיכה | L23: =IF(ISERROR(VLOOKUP(B23,טבלאות!$G:$H,2,0)),"",VLOOKUP(B23,טבלאות!$G:$H,2,0)) -> מזון ומשקאות | M23: =IF(OR(L23="",L23="?"),"",IF(L23>0,I23,"")) -> 159.02
A24: ויזה 3669 | B24: אורבניקה קניון רחובות | C24: 23/04/2026 | D24: 142.5 | E24: כאל | F24: ישראל | H24: 03/05/2026 | I24: 142.5 | K24: =IF(A24>0,VLOOKUP(A24,טבלאות!$J:$K,2,0),"") -> אשראי אורנה | L24: =IF(ISERROR(VLOOKUP(B24,טבלאות!$G:$H,2,0)),"",VLOOKUP(B24,טבלאות!$G:$H,2,0)) -> ביגוד והנעלה | M24: =IF(OR(L24="",L24="?"),"",IF(L24>0,I24,"")) -> 142.5
A25: ויזה 3669 | B25: מאץ ריטייל בעמ H&M רחובות | C25: 23/04/2026 | D25: 59.9 | E25: כאל | F25: ישראל | H25: 03/05/2026 | I25: 59.9 | K25: =IF(A25>0,VLOOKUP(A25,טבלאות!$J:$K,2,0),"") -> אשראי אורנה | L25: =IF(ISERROR(VLOOKUP(B25,טבלאות!$G:$H,2,0)),"",VLOOKUP(B25,טבלאות!$G:$H,2,0)) -> ילדים | M25: =IF(OR(L25="",L25="?"),"",IF(L25>0,I25,"")) -> 59.9
A26: ויזה 3669 | B26: צומת ספרים קניון רחובות | C26: 23/04/2026 | D26: 35.73 | E26: כאל | F26: ישראל | H26: 03/05/2026 | I26: 35.73 | K26: =IF(A26>0,VLOOKUP(A26,טבלאות!$J:$K,2,0),"") -> אשראי אורנה | L26: =IF(ISERROR(VLOOKUP(B26,טבלאות!$G:$H,2,0)),"",VLOOKUP(B26,טבלאות!$G:$H,2,0)) -> מתנות ומזכרות | M26: =IF(OR(L26="",L26="?"),"",IF(L26>0,I26,"")) -> 35.73
A27: ויזה 7520 | B27: קואופ רחובות | C27: 21/04/2026 | D27: 111.12 | E27: כאל | F27: ישראל | H27: 03/05/2026 | I27: 111.12 | K27: =IF(A27>0,VLOOKUP(A27,טבלאות!$J:$K,2,0),"") -> אשראי מיכה | L27: =IF(ISERROR(VLOOKUP(B27,טבלאות!$G:$H,2,0)),"",VLOOKUP(B27,טבלאות!$G:$H,2,0)) -> מזון ומשקאות | M27: =IF(OR(L27="",L27="?"),"",IF(L27>0,I27,"")) -> 111.12
A28: ויזה 7520 | B28: שרותי בריאות כללית הו"ק | C28: 20/04/2026 | D28: 70.11 | E28: כאל | F28: ישראל | G28: הוראת קבע | H28: 03/05/2026 | I28: 70.11 | K28: =IF(A28>0,VLOOKUP(A28,טבלאות!$J:$K,2,0),"") -> אשראי מיכה | L28: =IF(ISERROR(VLOOKUP(B28,טבלאות!$G:$H,2,0)),"",VLOOKUP(B28,טבלאות!$G:$H,2,0)) -> בריאות | M28: =IF(OR(L28="",L28="?"),"",IF(L28>0,I28,"")) -> 70.11
A29: ויזה 7520 | B29: רשת כוורת בצה"ל | C29: 20/04/2026 | D29: 141.8 | E29: כאל | F29: ישראל | H29: 03/05/2026 | I29: 141.8 | K29: =IF(A29>0,VLOOKUP(A29,טבלאות!$J:$K,2,0),"") -> אשראי מיכה | L29: =IF(ISERROR(VLOOKUP(B29,טבלאות!$G:$H,2,0)),"",VLOOKUP(B29,טבלאות!$G:$H,2,0)) -> מזון ומשקאות | M29: =IF(OR(L29="",L29="?"),"",IF(L29>0,I29,"")) -> 141.8
A30: ויזה 7520 | B30: סעוד הראל -כללית | C30: 20/04/2026 | D30: 128.61 | E30: כאל | F30: ישראל | G30: הוראת קבע | H30: 03/05/2026 | I30: 128.61 | K30: =IF(A30>0,VLOOKUP(A30,טבלאות!$J:$K,2,0),"") -> אשראי מיכה | L30: =IF(ISERROR(VLOOKUP(B30,טבלאות!$G:$H,2,0)),"",VLOOKUP(B30,טבלאות!$G:$H,2,0)) -> בריאות | M30: =IF(OR(L30="",L30="?"),"",IF(L30>0,I30,"")) -> 128.61
A31: ויזה 3669 | B31: דלק מנטה קמעונאות דרכים ב | C31: 20/04/2026 | D31: 307.59 | E31: כאל | F31: ישראל | H31: 03/05/2026 | I31: 307.59 | K31: =IF(A31>0,VLOOKUP(A31,טבלאות!$J:$K,2,0),"") -> אשראי אורנה | L31: =IF(ISERROR(VLOOKUP(B31,טבלאות!$G:$H,2,0)),"",VLOOKUP(B31,טבלאות!$G:$H,2,0)) -> רכב ותחבורה | M31: =IF(OR(L31="",L31="?"),"",IF(L31>0,I31,"")) -> 307.59
A32: ויזה 7520 | B32: גליקסמן שיווק ביצים | C32: 19/04/2026 | D32: 43 | E32: כאל | F32: ישראל | H32: 03/05/2026 | I32: 43 | K32: =IF(A32>0,VLOOKUP(A32,טבלאות!$J:$K,2,0),"") -> אשראי מיכה | L32: =IF(ISERROR(VLOOKUP(B32,טבלאות!$G:$H,2,0)),"",VLOOKUP(B32,טבלאות!$G:$H,2,0)) -> מזון ומשקאות | M32: =IF(OR(L32="",L32="?"),"",IF(L32>0,I32,"")) -> 43
A33: ויזה 7520 | B33: מ. יוחננוף ובניו- רחובות | C33: 19/04/2026 | D33: 247.66 | E33: כאל | F33: ישראל | H33: 03/05/2026 | I33: 247.66 | K33: =IF(A33>0,VLOOKUP(A33,טבלאות!$J:$K,2,0),"") -> אשראי מיכה | L33: =IF(ISERROR(VLOOKUP(B33,טבלאות!$G:$H,2,0)),"",VLOOKUP(B33,טבלאות!$G:$H,2,0)) -> מזון ומשקאות | M33: =IF(OR(L33="",L33="?"),"",IF(L33>0,I33,"")) -> 247.66
A34: ויזה 3669 | B34: העברה ב BIT בנה"פ | C34: 19/04/2026 | D34: 520 | E34: כאל | F34: ישראל | G34: העברה לשרית קרת | H34: 03/05/2026 | I34: 520 | K34: =IF(A34>0,VLOOKUP(A34,טבלאות!$J:$K,2,0),"") -> אשראי אורנה | L34: =IF(ISERROR(VLOOKUP(B34,טבלאות!$G:$H,2,0)),"",VLOOKUP(B34,טבלאות!$G:$H,2,0)) -> חוגים | M34: =IF(OR(L34="",L34="?"),"",IF(L34>0,I34,"")) -> 520
A35: ויזה 3669 | B35: מרכז הנופש בע"מ | C35: 19/04/2026 | D35: 6566 | E35: כאל | F35: ישראל | H35: 03/05/2026 | I35: 6566 | K35: =IF(A35>0,VLOOKUP(A35,טבלאות!$J:$K,2,0),"") -> אשראי אורנה | L35: =IF(ISERROR(VLOOKUP(B35,טבלאות!$G:$H,2,0)),"",VLOOKUP(B35,טבלאות!$G:$H,2,0)) -> חוגים | M35: =IF(OR(L35="",L35="?"),"",IF(L35>0,I35,"")) -> 6566
A36: ויזה 7520 | B36: PAYPAL *ZWIFT | C36: 18/04/2026 | D36: 61.7 | E36: כאל | F36: חו"ל | G36: הוראת קבע ארצות הברית . מזהה כרטיס אינטרנט 4470 | H36: 03/05/2026 | I36: 61.7 | K36: =IF(A36>0,VLOOKUP(A36,טבלאות!$J:$K,2,0),"") -> אשראי מיכה | L36: =IF(ISERROR(VLOOKUP(B36,טבלאות!$G:$H,2,0)),"",VLOOKUP(B36,טבלאות!$G:$H,2,0)) -> בית וגן | M36: =IF(OR(L36="",L36="?"),"",IF(L36>0,I36,"")) -> 61.7
A37: ויזה 7520 | B37: גליקסמן שיווק ביצים | C37: 16/04/2026 | D37: 36 | E37: כאל | F37: ישראל | H37: 03/05/2026 | I37: 36 | K37: =IF(A37>0,VLOOKUP(A37,טבלאות!$J:$K,2,0),"") -> אשראי מיכה | L37: =IF(ISERROR(VLOOKUP(B37,טבלאות!$G:$H,2,0)),"",VLOOKUP(B37,טבלאות!$G:$H,2,0)) -> מזון ומשקאות | M37: =IF(OR(L37="",L37="?"),"",IF(L37>0,I37,"")) -> 36
A38: ויזה 7520 | B38: מ. יוחננוף ובניו- רחובות | C38: 16/04/2026 | D38: 373.17 | E38: כאל | F38: ישראל | H38: 03/05/2026 | I38: 373.17 | K38: =IF(A38>0,VLOOKUP(A38,טבלאות!$J:$K,2,0),"") -> אשראי מיכה | L38: =IF(ISERROR(VLOOKUP(B38,טבלאות!$G:$H,2,0)),"",VLOOKUP(B38,טבלאות!$G:$H,2,0)) -> מזון ומשקאות | M38: =IF(OR(L38="",L38="?"),"",IF(L38>0,I38,"")) -> 373.17
A39: ויזה 3669 | B39: נה נה רשת חנויות כל המשפח | C39: 16/04/2026 | D39: 69.9 | E39: כאל | F39: ישראל | H39: 03/05/2026 | I39: 69.9 | K39: =IF(A39>0,VLOOKUP(A39,טבלאות!$J:$K,2,0),"") -> אשראי אורנה | L39: =IF(ISERROR(VLOOKUP(B39,טבלאות!$G:$H,2,0)),"",VLOOKUP(B39,טבלאות!$G:$H,2,0)) -> ביגוד והנעלה | M39: =IF(OR(L39="",L39="?"),"",IF(L39>0,I39,"")) -> 69.9
A40: ויזה 3669 | B40: תשלום ועד בית | C40: 15/04/2026 | D40: 350 | E40: כאל | F40: ישראל | H40: 03/05/2026 | I40: 350 | K40: =IF(A40>0,VLOOKUP(A40,טבלאות!$J:$K,2,0),"") -> אשראי אורנה | L40: =IF(ISERROR(VLOOKUP(B40,טבלאות!$G:$H,2,0)),"",VLOOKUP(B40,טבלאות!$G:$H,2,0)) -> בית וגן | M40: =IF(OR(L40="",L40="?"),"",IF(L40>0,I40,"")) -> 350
A41: ויזה 7520 | B41: טיב טעם רשתות רחובות | C41: 14/04/2026 | D41: 75.9 | E41: כאל | F41: ישראל | H41: 03/05/2026 | I41: 75.9 | K41: =IF(A41>0,VLOOKUP(A41,טבלאות!$J:$K,2,0),"") -> אשראי מיכה | L41: =IF(ISERROR(VLOOKUP(B41,טבלאות!$G:$H,2,0)),"",VLOOKUP(B41,טבלאות!$G:$H,2,0)) -> מזון ומשקאות | M41: =IF(OR(L41="",L41="?"),"",IF(L41>0,I41,"")) -> 75.9
A42: ויזה 3669 | B42: PAYBOX | C42: 14/04/2026 | D42: 260 | E42: כאל | F42: ישראל | G42: העברה לשרית קרת עבור שיעורים אמיר והילה | H42: 03/05/2026 | I42: 260 | K42: =IF(A42>0,VLOOKUP(A42,טבלאות!$J:$K,2,0),"") -> אשראי אורנה | L42: =IF(ISERROR(VLOOKUP(B42,טבלאות!$G:$H,2,0)),"",VLOOKUP(B42,טבלאות!$G:$H,2,0)) -> חוגים | M42: =IF(OR(L42="",L42="?"),"",IF(L42>0,I42,"")) -> 260
A43: ויזה 7520 | B43: למטייל רחובות | C43: 13/04/2026 | D43: 119.08 | E43: כאל | F43: ישראל | H43: 03/05/2026 | I43: 119.08 | K43: =IF(A43>0,VLOOKUP(A43,טבלאות!$J:$K,2,0),"") -> אשראי מיכה | L43: =IF(ISERROR(VLOOKUP(B43,טבלאות!$G:$H,2,0)),"",VLOOKUP(B43,טבלאות!$G:$H,2,0)) -> מתנות ומזכרות | M43: =IF(OR(L43="",L43="?"),"",IF(L43>0,I43,"")) -> 119.08
A44: ויזה 7520 | B44: גליקסמן שיווק ביצים | C44: 13/04/2026 | D44: 72 | E44: כאל | F44: ישראל | H44: 03/05/2026 | I44: 72 | K44: =IF(A44>0,VLOOKUP(A44,טבלאות!$J:$K,2,0),"") -> אשראי מיכה | L44: =IF(ISERROR(VLOOKUP(B44,טבלאות!$G:$H,2,0)),"",VLOOKUP(B44,טבלאות!$G:$H,2,0)) -> מזון ומשקאות | M44: =IF(OR(L44="",L44="?"),"",IF(L44>0,I44,"")) -> 72
A45: ויזה 7520 | B45: מ. יוחננוף ובניו- רחובות | C45: 13/04/2026 | D45: 653.52 | E45: כאל | F45: ישראל | H45: 03/05/2026 | I45: 653.52 | K45: =IF(A45>0,VLOOKUP(A45,טבלאות!$J:$K,2,0),"") -> אשראי מיכה | L45: =IF(ISERROR(VLOOKUP(B45,טבלאות!$G:$H,2,0)),"",VLOOKUP(B45,טבלאות!$G:$H,2,0)) -> מזון ומשקאות | M45: =IF(OR(L45="",L45="?"),"",IF(L45>0,I45,"")) -> 653.52
A46: ויזה 3669 | B46: דלק מנטה קמעונאות דרכים ב | C46: 13/04/2026 | D46: 241.76 | E46: כאל | F46: ישראל | H46: 03/05/2026 | I46: 241.76 | K46: =IF(A46>0,VLOOKUP(A46,טבלאות!$J:$K,2,0),"") -> אשראי אורנה | L46: =IF(ISERROR(VLOOKUP(B46,טבלאות!$G:$H,2,0)),"",VLOOKUP(B46,טבלאות!$G:$H,2,0)) -> רכב ותחבורה | M46: =IF(OR(L46="",L46="?"),"",IF(L46>0,I46,"")) -> 241.76
A47: ויזה 7520 | B47: טרק מרקט נס ציונה | C47: 12/04/2026 | D47: 49 | E47: כאל | F47: ישראל | H47: 03/05/2026 | I47: 49 | K47: =IF(A47>0,VLOOKUP(A47,טבלאות!$J:$K,2,0),"") -> אשראי מיכה | L47: =IF(ISERROR(VLOOKUP(B47,טבלאות!$G:$H,2,0)),"",VLOOKUP(B47,טבלאות!$G:$H,2,0)) -> נופש | M47: =IF(OR(L47="",L47="?"),"",IF(L47>0,I47,"")) -> 49
A48: ויזה 7520 | B48: טיב טעם רשתות רחובות | C48: 11/04/2026 | D48: 48.02 | E48: כאל | F48: ישראל | H48: 03/05/2026 | I48: 48.02 | K48: =IF(A48>0,VLOOKUP(A48,טבלאות!$J:$K,2,0),"") -> אשראי מיכה | L48: =IF(ISERROR(VLOOKUP(B48,טבלאות!$G:$H,2,0)),"",VLOOKUP(B48,טבלאות!$G:$H,2,0)) -> מזון ומשקאות | M48: =IF(OR(L48="",L48="?"),"",IF(L48>0,I48,"")) -> 48.02
A49: ויזה 3669 | B49: קואופ רחובות | C49: 10/04/2026 | D49: 89.4 | E49: כאל | F49: ישראל | H49: 03/05/2026 | I49: 89.4 | K49: =IF(A49>0,VLOOKUP(A49,טבלאות!$J:$K,2,0),"") -> אשראי אורנה | L49: =IF(ISERROR(VLOOKUP(B49,טבלאות!$G:$H,2,0)),"",VLOOKUP(B49,טבלאות!$G:$H,2,0)) -> מזון ומשקאות | M49: =IF(OR(L49="",L49="?"),"",IF(L49>0,I49,"")) -> 89.4
A50: ויזה 7520 | B50: BIT | C50: 09/04/2026 | D50: 45 | E50: כאל | F50: חו"ל | G50: ישראל . העברה לגיל הרשקוביץ | H50: 03/05/2026 | I50: 45 | K50: =IF(A50>0,VLOOKUP(A50,טבלאות!$J:$K,2,0),"") -> אשראי מיכה | L50: =IF(ISERROR(VLOOKUP(B50,טבלאות!$G:$H,2,0)),"",VLOOKUP(B50,טבלאות!$G:$H,2,0)) -> מתנות ומזכרות | M50: =IF(OR(L50="",L50="?"),"",IF(L50>0,I50,"")) -> 45
A51: ויזה 7520 | B51: BIT | C51: 09/04/2026 | D51: 9 | E51: כאל | F51: חו"ל | G51: ישראל . העברה לגיל הרשקוביץ | H51: 03/05/2026 | I51: 9 | K51: =IF(A51>0,VLOOKUP(A51,טבלאות!$J:$K,2,0),"") -> אשראי מיכה | L51: =IF(ISERROR(VLOOKUP(B51,טבלאות!$G:$H,2,0)),"",VLOOKUP(B51,טבלאות!$G:$H,2,0)) -> מתנות ומזכרות | M51: =IF(OR(L51="",L51="?"),"",IF(L51>0,I51,"")) -> 9
A52: ויזה 7520 | B52: CLAUDE.AI SUBSCRIPTION | C52: 08/04/2026 | D52: -20 | E52: כאל | F52: זיכוי-חו"ל | G52: הוראת קבע ארצות הברית . ב- 9/04/26 הומר לש"ח בשער | H52: 12/04/2026 | I52: -59.89 | K52: =IF(A52>0,VLOOKUP(A52,טבלאות!$J:$K,2,0),"") -> אשראי מיכה | L52: =IF(ISERROR(VLOOKUP(B52,טבלאות!$G:$H,2,0)),"",VLOOKUP(B52,טבלאות!$G:$H,2,0)) -> מוצרי חשמל ותקשורת | M52: =IF(OR(L52="",L52="?"),"",IF(L52>0,I52,"")) -> -59.89
A53: ויזה 3669 | B53: PAYBOX | C53: 08/04/2026 | D53: 260 | E53: כאל | F53: ישראל | G53: העברה לשרית קרת עבור שיעורים הילה ואמיר | H53: 03/05/2026 | I53: 260 | K53: =IF(A53>0,VLOOKUP(A53,טבלאות!$J:$K,2,0),"") -> אשראי אורנה | L53: =IF(ISERROR(VLOOKUP(B53,טבלאות!$G:$H,2,0)),"",VLOOKUP(B53,טבלאות!$G:$H,2,0)) -> חוגים | M53: =IF(OR(L53="",L53="?"),"",IF(L53>0,I53,"")) -> 260
A54: ויזה 7520 | B54: גליקסמן שיווק ביצים | C54: 06/04/2026 | D54: 72 | E54: כאל | F54: ישראל | H54: 03/05/2026 | I54: 72 | K54: =IF(A54>0,VLOOKUP(A54,טבלאות!$J:$K,2,0),"") -> אשראי מיכה | L54: =IF(ISERROR(VLOOKUP(B54,טבלאות!$G:$H,2,0)),"",VLOOKUP(B54,טבלאות!$G:$H,2,0)) -> מזון ומשקאות | M54: =IF(OR(L54="",L54="?"),"",IF(L54>0,I54,"")) -> 72
A55: ויזה 7520 | B55: סופר פארם ישפרו - נס ציונ | C55: 06/04/2026 | D55: 32.3 | E55: כאל | F55: ישראל | H55: 03/05/2026 | I55: 32.3 | K55: =IF(A55>0,VLOOKUP(A55,טבלאות!$J:$K,2,0),"") -> אשראי מיכה | L55: =IF(ISERROR(VLOOKUP(B55,טבלאות!$G:$H,2,0)),"",VLOOKUP(B55,טבלאות!$G:$H,2,0)) -> בריאות | M55: =IF(OR(L55="",L55="?"),"",IF(L55>0,I55,"")) -> 32.3
A56: ויזה 3669 | B56: סטימצקי מרכז הנשיא רחובות | C56: 05/04/2026 | D56: 19.9 | E56: כאל | F56: ישראל | H56: 03/05/2026 | I56: 19.9 | K56: =IF(A56>0,VLOOKUP(A56,טבלאות!$J:$K,2,0),"") -> אשראי אורנה | L56: =IF(ISERROR(VLOOKUP(B56,טבלאות!$G:$H,2,0)),"",VLOOKUP(B56,טבלאות!$G:$H,2,0)) -> מתנות ומזכרות | M56: =IF(OR(L56="",L56="?"),"",IF(L56>0,I56,"")) -> 19.9
A57: ויזה 3669 | B57: מחסני השוק רחובות הנשיא | C57: 05/04/2026 | D57: 72.13 | E57: כאל | F57: ישראל | H57: 03/05/2026 | I57: 72.13 | K57: =IF(A57>0,VLOOKUP(A57,טבלאות!$J:$K,2,0),"") -> אשראי אורנה | L57: =IF(ISERROR(VLOOKUP(B57,טבלאות!$G:$H,2,0)),"",VLOOKUP(B57,טבלאות!$G:$H,2,0)) -> מזון ומשקאות | M57: =IF(OR(L57="",L57="?"),"",IF(L57>0,I57,"")) -> 72.13
A58: ויזה 7520 | B58: הום סנטר נס ציונה | C58: 03/04/2026 | D58: 74.8 | E58: כאל | F58: ישראל | H58: 03/05/2026 | I58: 74.8 | K58: =IF(A58>0,VLOOKUP(A58,טבלאות!$J:$K,2,0),"") -> אשראי מיכה | L58: =IF(ISERROR(VLOOKUP(B58,טבלאות!$G:$H,2,0)),"",VLOOKUP(B58,טבלאות!$G:$H,2,0)) -> בית וגן | M58: =IF(OR(L58="",L58="?"),"",IF(L58>0,I58,"")) -> 74.8
A59: ויזה 7520 | B59: גליקסמן שיווק ביצים | C59: 03/04/2026 | D59: 36 | E59: כאל | F59: ישראל | H59: 03/05/2026 | I59: 36 | K59: =IF(A59>0,VLOOKUP(A59,טבלאות!$J:$K,2,0),"") -> אשראי מיכה | L59: =IF(ISERROR(VLOOKUP(B59,טבלאות!$G:$H,2,0)),"",VLOOKUP(B59,טבלאות!$G:$H,2,0)) -> מזון ומשקאות | M59: =IF(OR(L59="",L59="?"),"",IF(L59>0,I59,"")) -> 36
A60: ויזה 7520 | B60: דוכן הפרדסן מקס איט ניכיו | C60: 03/04/2026 | D60: 102.7 | E60: כאל | F60: ישראל | H60: 03/05/2026 | I60: 102.7 | K60: =IF(A60>0,VLOOKUP(A60,טבלאות!$J:$K,2,0),"") -> אשראי מיכה | L60: =IF(ISERROR(VLOOKUP(B60,טבלאות!$G:$H,2,0)),"",VLOOKUP(B60,טבלאות!$G:$H,2,0)) -> מזון ומשקאות | M60: =IF(OR(L60="",L60="?"),"",IF(L60>0,I60,"")) -> 102.7
A61: ויזה 7520 | B61: טיב טעם רשתות רחובות | C61: 03/04/2026 | D61: 106.58 | E61: כאל | F61: ישראל | H61: 03/05/2026 | I61: 106.58 | K61: =IF(A61>0,VLOOKUP(A61,טבלאות!$J:$K,2,0),"") -> אשראי מיכה | L61: =IF(ISERROR(VLOOKUP(B61,טבלאות!$G:$H,2,0)),"",VLOOKUP(B61,טבלאות!$G:$H,2,0)) -> מזון ומשקאות | M61: =IF(OR(L61="",L61="?"),"",IF(L61>0,I61,"")) -> 106.58
A62: ויזה 3669 | B62: הסתדרות העובדים הלאומית | C62: 01/04/2026 | D62: 30 | E62: כאל | F62: ישראל | G62: הוראת קבע | H62: 03/05/2026 | I62: 30 | K62: =IF(A62>0,VLOOKUP(A62,טבלאות!$J:$K,2,0),"") -> אשראי אורנה | L62: =IF(ISERROR(VLOOKUP(B62,טבלאות!$G:$H,2,0)),"",VLOOKUP(B62,טבלאות!$G:$H,2,0)) -> שונות | M62: =IF(OR(L62="",L62="?"),"",IF(L62>0,I62,"")) -> 30
A63: ויזה 3669 | B63: מרכז הנופש בע"מ | C63: 07/09/2025 | D63: 2430 | E63: כאל | F63: תשלום-ישראל | G63: 8 מ - 9 | H63: 03/05/2026 | I63: 270 | K63: =IF(A63>0,VLOOKUP(A63,טבלאות!$J:$K,2,0),"") -> אשראי אורנה | L63: =IF(ISERROR(VLOOKUP(B63,טבלאות!$G:$H,2,0)),"",VLOOKUP(B63,טבלאות!$G:$H,2,0)) -> חוגים | M63: =IF(OR(L63="",L63="?"),"",IF(L63>0,I63,"")) -> 270
A64: ויזה 3669 | B64: מכון דוידסון-צמרת | C64: 28/07/2025 | D64: 3650 | E64: כאל | F64: תשלום-ישראל | G64: 10 מ - 10 | H64: 03/05/2026 | I64: 365 | K64: =IF(A64>0,VLOOKUP(A64,טבלאות!$J:$K,2,0),"") -> אשראי אורנה | L64: =IF(ISERROR(VLOOKUP(B64,טבלאות!$G:$H,2,0)),"",VLOOKUP(B64,טבלאות!$G:$H,2,0)) -> חוגים | M64: =IF(OR(L64="",L64="?"),"",IF(L64>0,I64,"")) -> 365
A65: 9973 | B65: דמי כרטיס /הנפקה | C65: 46135 | D65: 17.9 | H65: 03/05/2026 | I65: 0 | K65: =IF(A65>0,VLOOKUP(A65,טבלאות!$J:$K,2,0),"") -> ישראכרט אורנה | L65: =IF(ISERROR(VLOOKUP(B65,טבלאות!$G:$H,2,0)),"",VLOOKUP(B65,טבלאות!$G:$H,2,0)) -> שירותי בנקאות | M65: =IF(OR(L65="",L65="?"),"",IF(L65>0,I65,"")) -> 0
A66: 9973 | B66: איילון ביטוח חיים וב | C66: 46125 | D66: 138.8 | H66: 03/05/2026 | I66: 138.8 | K66: =IF(A66>0,VLOOKUP(A66,טבלאות!$J:$K,2,0),"") -> ישראכרט אורנה | L66: =IF(ISERROR(VLOOKUP(B66,טבלאות!$G:$H,2,0)),"",VLOOKUP(B66,טבלאות!$G:$H,2,0)) -> ביטוח | M66: =IF(OR(L66="",L66="?"),"",IF(L66>0,I66,"")) -> 138.8
A67: 9973 | B67: איילון ביטוח חיים וב | C67: 46125 | D67: 142.12 | H67: 03/05/2026 | I67: 142.12 | K67: =IF(A67>0,VLOOKUP(A67,טבלאות!$J:$K,2,0),"") -> ישראכרט אורנה | L67: =IF(ISERROR(VLOOKUP(B67,טבלאות!$G:$H,2,0)),"",VLOOKUP(B67,טבלאות!$G:$H,2,0)) -> ביטוח | M67: =IF(OR(L67="",L67="?"),"",IF(L67>0,I67,"")) -> 142.12
A68: 9973 | B68: איילון ביטוח חיים וב | C68: 46125 | D68: 107.03 | H68: 03/05/2026 | I68: 107.03 | K68: =IF(A68>0,VLOOKUP(A68,טבלאות!$J:$K,2,0),"") -> ישראכרט אורנה | L68: =IF(ISERROR(VLOOKUP(B68,טבלאות!$G:$H,2,0)),"",VLOOKUP(B68,טבלאות!$G:$H,2,0)) -> ביטוח | M68: =IF(OR(L68="",L68="?"),"",IF(L68>0,I68,"")) -> 107.03
A69: 9973 | B69: איילון ביטוח חיים וב | C69: 46125 | D69: 53.02 | H69: 03/05/2026 | I69: 53.02 | K69: =IF(A69>0,VLOOKUP(A69,טבלאות!$J:$K,2,0),"") -> ישראכרט אורנה | L69: =IF(ISERROR(VLOOKUP(B69,טבלאות!$G:$H,2,0)),"",VLOOKUP(B69,טבלאות!$G:$H,2,0)) -> ביטוח | M69: =IF(OR(L69="",L69="?"),"",IF(L69>0,I69,"")) -> 53.02
A70: 9973 | B70: איילון ביטוח חיים וב | C70: 46125 | D70: 53.02 | H70: 03/05/2026 | I70: 53.02 | K70: =IF(A70>0,VLOOKUP(A70,טבלאות!$J:$K,2,0),"") -> ישראכרט אורנה | L70: =IF(ISERROR(VLOOKUP(B70,טבלאות!$G:$H,2,0)),"",VLOOKUP(B70,טבלאות!$G:$H,2,0)) -> ביטוח | M70: =IF(OR(L70="",L70="?"),"",IF(L70>0,I70,"")) -> 53.02
A71: ויזה פלטינום | B71: יוניברס נס ציונה -הפטיש | C71: 46138 | D71: 41.3 | H71: 03/05/2026 | I71: 41.3 | K71: =IF(A71>0,VLOOKUP(A71,טבלאות!$J:$K,2,0),"") -> שופרסל | L71: =IF(ISERROR(VLOOKUP(B71,טבלאות!$G:$H,2,0)),"",VLOOKUP(B71,טבלאות!$G:$H,2,0)) -> מזון ומשקאות | M71: =IF(OR(L71="",L71="?"),"",IF(L71>0,I71,"")) -> 41.3
A72: ויזה פלטינום | B72: מ. יוחננוף ובניו- רחובות מרכז סנטרו | C72: 46125 | D72: 39 | H72: 03/05/2026 | I72: 39 | K72: =IF(A72>0,VLOOKUP(A72,טבלאות!$J:$K,2,0),"") -> שופרסל | L72: =IF(ISERROR(VLOOKUP(B72,טבלאות!$G:$H,2,0)),"",VLOOKUP(B72,טבלאות!$G:$H,2,0)) -> מזון ומשקאות | M72: =IF(OR(L72="",L72="?"),"",IF(L72>0,I72,"")) -> 39
A73: ויזה פלטינום | B73: היי ביז בע"מ | C73: 46125 | D73: 1110 | H73: 03/05/2026 | I73: 1110 | K73: =IF(A73>0,VLOOKUP(A73,טבלאות!$J:$K,2,0),"") -> שופרסל | L73: ילדים | M73: =IF(OR(L73="",L73="?"),"",IF(L73>0,I73,"")) -> 1110 | N73: שוברים למטייל
A74: ויזה פלטינום | B74: יוניברס נס ציונה -הפטיש | C74: 46124 | D74: 31.8 | H74: 03/05/2026 | I74: 31.8 | K74: =IF(A74>0,VLOOKUP(A74,טבלאות!$J:$K,2,0),"") -> שופרסל | L74: =IF(ISERROR(VLOOKUP(B74,טבלאות!$G:$H,2,0)),"",VLOOKUP(B74,טבלאות!$G:$H,2,0)) -> מזון ומשקאות | M74: =IF(OR(L74="",L74="?"),"",IF(L74>0,I74,"")) -> 31.8
A75: ויזה פלטינום | B75: CLAUDE.AI SUBSCRIPTION | C75: 46121 | D75: 20 | H75: 03/05/2026 | I75: 62.97 | K75: =IF(A75>0,VLOOKUP(A75,טבלאות!$J:$K,2,0),"") -> שופרסל | L75: =IF(ISERROR(VLOOKUP(B75,טבלאות!$G:$H,2,0)),"",VLOOKUP(B75,טבלאות!$G:$H,2,0)) -> מוצרי חשמל ותקשורת | M75: =IF(OR(L75="",L75="?"),"",IF(L75>0,I75,"")) -> 62.97
A76: ויזה פלטינום | B76: דמי כרטיס | C76: 46117 | D76: 12.9 | H76: 03/05/2026 | I76: 0 | K76: =IF(A76>0,VLOOKUP(A76,טבלאות!$J:$K,2,0),"") -> שופרסל | L76: =IF(ISERROR(VLOOKUP(B76,טבלאות!$G:$H,2,0)),"",VLOOKUP(B76,טבלאות!$G:$H,2,0)) -> שירותי בנקאות | M76: =IF(OR(L76="",L76="?"),"",IF(L76>0,I76,"")) -> 0
K77: =IF(A77>0,VLOOKUP(A77,טבלאות!$J:$K,2,0),"") | L77: =IF(ISERROR(VLOOKUP(B77,טבלאות!$G:$H,2,0)),"",VLOOKUP(B77,טבלאות!$G:$H,2,0)) | M77: =IF(OR(L77="",L77="?"),"",IF(L77>0,I77,""))
K78: =IF(A78>0,VLOOKUP(A78,טבלאות!$J:$K,2,0),"") | L78: =IF(ISERROR(VLOOKUP(B78,טבלאות!$G:$H,2,0)),"",VLOOKUP(B78,טבלאות!$G:$H,2,0)) | M78: =IF(OR(L78="",L78="?"),"",IF(L78>0,I78,""))
K79: =IF(A79>0,VLOOKUP(A79,טבלאות!$J:$K,2,0),"") | L79: =IF(ISERROR(VLOOKUP(B79,טבלאות!$G:$H,2,0)),"",VLOOKUP(B79,טבלאות!$G:$H,2,0)) | M79: =IF(OR(L79="",L79="?"),"",IF(L79>0,I79,""))
K80: =IF(A80>0,VLOOKUP(A80,טבלאות!$J:$K,2,0),"") | L80: =IF(ISERROR(VLOOKUP(B80,טבלאות!$G:$H,2,0)),"",VLOOKUP(B80,טבלאות!$G:$H,2,0)) | M80: =IF(OR(L80="",L80="?"),"",IF(L80>0,I80,""))
K81: =IF(A81>0,VLOOKUP(A81,טבלאות!$J:$K,2,0),"") | L81: =IF(ISERROR(VLOOKUP(B81,טבלאות!$G:$H,2,0)),"",VLOOKUP(B81,טבלאות!$G:$H,2,0)) | M81: =IF(OR(L81="",L81="?"),"",IF(L81>0,I81,""))
K82: =IF(A82>0,VLOOKUP(A82,טבלאות!$J:$K,2,0),"") | L82: =IF(ISERROR(VLOOKUP(B82,טבלאות!$G:$H,2,0)),"",VLOOKUP(B82,טבלאות!$G:$H,2,0)) | M82: =IF(OR(L82="",L82="?"),"",IF(L82>0,I82,""))
K83: =IF(A83>0,VLOOKUP(A83,טבלאות!$J:$K,2,0),"") | L83: =IF(ISERROR(VLOOKUP(B83,טבלאות!$G:$H,2,0)),"",VLOOKUP(B83,טבלאות!$G:$H,2,0)) | M83: =IF(OR(L83="",L83="?"),"",IF(L83>0,I83,""))
K84: =IF(A84>0,VLOOKUP(A84,טבלאות!$J:$K,2,0),"") | L84: =IF(ISERROR(VLOOKUP(B84,טבלאות!$G:$H,2,0)),"",VLOOKUP(B84,טבלאות!$G:$H,2,0)) | M84: =IF(OR(L84="",L84="?"),"",IF(L84>0,I84,""))
K85: =IF(A85>0,VLOOKUP(A85,טבלאות!$J:$K,2,0),"") | L85: =IF(ISERROR(VLOOKUP(B85,טבלאות!$G:$H,2,0)),"",VLOOKUP(B85,טבלאות!$G:$H,2,0)) | M85: =IF(OR(L85="",L85="?"),"",IF(L85>0,I85,""))
K86: =IF(A86>0,VLOOKUP(A86,טבלאות!$J:$K,2,0),"") | L86: =IF(ISERROR(VLOOKUP(B86,טבלאות!$G:$H,2,0)),"",VLOOKUP(B86,טבלאות!$G:$H,2,0)) | M86: =IF(OR(L86="",L86="?"),"",IF(L86>0,I86,""))
K87: =IF(A87>0,VLOOKUP(A87,טבלאות!$J:$K,2,0),"") | L87: =IF(ISERROR(VLOOKUP(B87,טבלאות!$G:$H,2,0)),"",VLOOKUP(B87,טבלאות!$G:$H,2,0)) | M87: =IF(OR(L87="",L87="?"),"",IF(L87>0,I87,""))
K88: =IF(A88>0,VLOOKUP(A88,טבלאות!$J:$K,2,0),"") | L88: =IF(ISERROR(VLOOKUP(B88,טבלאות!$G:$H,2,0)),"",VLOOKUP(B88,טבלאות!$G:$H,2,0)) | M88: =IF(OR(L88="",L88="?"),"",IF(L88>0,I88,""))
... K114: =IF(A114>0,VLOOKUP(A114,טבלאות!$J:$K,2,0),"") | L114: =IF(ISERROR(VLOOKUP(B114,טבלאות!$G:$H,2,0)),"",VLOOKUP(B114,טבלאות!$G:$H,2,0)) | M114: =IF(OR(L114="",L114="?"),"",IF(L114>0,I114,""))

Sheet 6
A1: כרטיס | B1: בית עסק | C1: תאריך עסקה | D1: סכום העסקה | E1: מנפיק | F1: סוג העסקה | G1: פירוט | H1: תאריך החיוב | I1: סכום לחיוב | J1: פירוט נוסף | K1: סוג כרטיס | L1: סוג הוצאה | M1: סכום הוצאה | N1: הערות פנימיות
A2: ויזה 7520 | B2: בריין בינה בעמ | C2: 31/05/2026 | D2: 37 | E2: כאל | F2: ישראל | H2: 02/06/2026 | I2: 37 | K2: =IF(A2>0,VLOOKUP(A2,טבלאות!$J:$K,2,0),"") -> אשראי מיכה | L2: =IF(ISERROR(VLOOKUP(B2,טבלאות!$G:$H,2,0)),"",VLOOKUP(B2,טבלאות!$G:$H,2,0)) -> מוצרי חשמל ותקשורת | M2: =IF(OR(L2="",L2="?"),"",IF(L2>0,I2,"")) -> 37
A3: ויזה 7520 | B3: HOPON-DAN | C3: 30/05/2026 | D3: 50 | E3: כאל | F3: ישראל | H3: 02/06/2026 | I3: 50 | K3: =IF(A3>0,VLOOKUP(A3,טבלאות!$J:$K,2,0),"") -> אשראי מיכה | L3: =IF(ISERROR(VLOOKUP(B3,טבלאות!$G:$H,2,0)),"",VLOOKUP(B3,טבלאות!$G:$H,2,0)) -> רכב ותחבורה | M3: =IF(OR(L3="",L3="?"),"",IF(L3>0,I3,"")) -> 50
A4: ויזה 7520 | B4: HOPON-DAN | C4: 30/05/2026 | D4: 29 | E4: כאל | F4: ישראל | H4: 02/06/2026 | I4: 29 | K4: =IF(A4>0,VLOOKUP(A4,טבלאות!$J:$K,2,0),"") -> אשראי מיכה | L4: =IF(ISERROR(VLOOKUP(B4,טבלאות!$G:$H,2,0)),"",VLOOKUP(B4,טבלאות!$G:$H,2,0)) -> רכב ותחבורה | M4: =IF(OR(L4="",L4="?"),"",IF(L4>0,I4,"")) -> 29
A5: ויזה 7520 | B5: PAYPAL *NETFLIX COM | C5: 29/05/2026 | D5: 69.9 | E5: כאל | F5: חו"ל | G5: הוראת קבע הולנד . מזהה כרטיס אינטרנט 4470 | H5: 02/06/2026 | I5: 69.9 | K5: =IF(A5>0,VLOOKUP(A5,טבלאות!$J:$K,2,0),"") -> אשראי מיכה | L5: =IF(ISERROR(VLOOKUP(B5,טבלאות!$G:$H,2,0)),"",VLOOKUP(B5,טבלאות!$G:$H,2,0)) -> מוצרי חשמל ותקשורת | M5: =IF(OR(L5="",L5="?"),"",IF(L5>0,I5,"")) -> 69.9
A6: ויזה 7520 | B6: PAYPAL *AISGECOMMER | C6: 29/05/2026 | D6: 51.35 | E6: כאל | F6: חו"ל | G6: סינגפור . מזהה כרטיס אינטרנט 4470 | H6: 02/06/2026 | I6: 51.35 | K6: =IF(A6>0,VLOOKUP(A6,טבלאות!$J:$K,2,0),"") -> אשראי מיכה | L6: =IF(ISERROR(VLOOKUP(B6,טבלאות!$G:$H,2,0)),"",VLOOKUP(B6,טבלאות!$G:$H,2,0)) -> מתנות ומזכרות | M6: =IF(OR(L6="",L6="?"),"",IF(L6>0,I6,"")) -> 51.35
A7: ויזה 7520 | B7: טיב טעם רשתות רחובות | C7: 29/05/2026 | D7: 101.9 | E7: כאל | F7: ישראל | H7: 02/06/2026 | I7: 101.9 | K7: =IF(A7>0,VLOOKUP(A7,טבלאות!$J:$K,2,0),"") -> אשראי מיכה | L7: =IF(ISERROR(VLOOKUP(B7,טבלאות!$G:$H,2,0)),"",VLOOKUP(B7,טבלאות!$G:$H,2,0)) -> מזון ומשקאות | M7: =IF(OR(L7="",L7="?"),"",IF(L7>0,I7,"")) -> 101.9
A8: ויזה 7520 | B8: ד"ר סגל מנדל- רופא שיניים | C8: 28/05/2026 | D8: 300 | E8: כאל | F8: ישראל | H8: 02/06/2026 | I8: 300 | K8: =IF(A8>0,VLOOKUP(A8,טבלאות!$J:$K,2,0),"") -> אשראי מיכה | L8: =IF(ISERROR(VLOOKUP(B8,טבלאות!$G:$H,2,0)),"",VLOOKUP(B8,טבלאות!$G:$H,2,0)) -> בריאות | M8: =IF(OR(L8="",L8="?"),"",IF(L8>0,I8,"")) -> 300
A9: ויזה 7520 | B9: גליקסמן שיווק ביצים | C9: 28/05/2026 | D9: 72 | E9: כאל | F9: ישראל | H9: 02/06/2026 | I9: 72 | K9: =IF(A9>0,VLOOKUP(A9,טבלאות!$J:$K,2,0),"") -> אשראי מיכה | L9: =IF(ISERROR(VLOOKUP(B9,טבלאות!$G:$H,2,0)),"",VLOOKUP(B9,טבלאות!$G:$H,2,0)) -> מזון ומשקאות | M9: =IF(OR(L9="",L9="?"),"",IF(L9>0,I9,"")) -> 72
A10: ויזה 7520 | B10: מ. יוחננוף ובניו- רחובות | C10: 28/05/2026 | D10: 605.59 | E10: כאל | F10: ישראל | H10: 02/06/2026 | I10: 605.59 | K10: =IF(A10>0,VLOOKUP(A10,טבלאות!$J:$K,2,0),"") -> אשראי מיכה | L10: =IF(ISERROR(VLOOKUP(B10,טבלאות!$G:$H,2,0)),"",VLOOKUP(B10,טבלאות!$G:$H,2,0)) -> מזון ומשקאות | M10: =IF(OR(L10="",L10="?"),"",IF(L10>0,I10,"")) -> 605.59
A11: ויזה 7520 | B11: דוכן הפרדסן מקס איט ניכיו | C11: 28/05/2026 | D11: 80.14 | E11: כאל | F11: ישראל | H11: 02/06/2026 | I11: 80.14 | K11: =IF(A11>0,VLOOKUP(A11,טבלאות!$J:$K,2,0),"") -> אשראי מיכה | L11: =IF(ISERROR(VLOOKUP(B11,טבלאות!$G:$H,2,0)),"",VLOOKUP(B11,טבלאות!$G:$H,2,0)) -> מזון ומשקאות | M11: =IF(OR(L11="",L11="?"),"",IF(L11>0,I11,"")) -> 80.14
A12: ויזה 3669 | B12: ד"ר סגל מנדל- רופא שיניים | C12: 28/05/2026 | D12: 300 | E12: כאל | F12: ישראל | H12: 02/06/2026 | I12: 300 | K12: =IF(A12>0,VLOOKUP(A12,טבלאות!$J:$K,2,0),"") -> אשראי אורנה | L12: =IF(ISERROR(VLOOKUP(B12,טבלאות!$G:$H,2,0)),"",VLOOKUP(B12,טבלאות!$G:$H,2,0)) -> בריאות | M12: =IF(OR(L12="",L12="?"),"",IF(L12>0,I12,"")) -> 300
A13: ויזה 3669 | B13: אגודת אכסניות נוער בישראל | C13: 28/05/2026 | D13: 600 | E13: כאל | F13: ישראל | H13: 02/06/2026 | I13: 600 | K13: =IF(A13>0,VLOOKUP(A13,טבלאות!$J:$K,2,0),"") -> אשראי אורנה | L13: =IF(ISERROR(VLOOKUP(B13,טבלאות!$G:$H,2,0)),"",VLOOKUP(B13,טבלאות!$G:$H,2,0)) -> ילדים | M13: =IF(OR(L13="",L13="?"),"",IF(L13>0,I13,"")) -> 600
A14: ויזה 7520 | B14: כלל ביטוח חיים הו"ק | C14: 27/05/2026 | D14: 81.16 | E14: כאל | F14: ישראל | G14: הוראת קבע | H14: 02/06/2026 | I14: 81.16 | K14: =IF(A14>0,VLOOKUP(A14,טבלאות!$J:$K,2,0),"") -> אשראי מיכה | L14: =IF(ISERROR(VLOOKUP(B14,טבלאות!$G:$H,2,0)),"",VLOOKUP(B14,טבלאות!$G:$H,2,0)) -> ביטוח | M14: =IF(OR(L14="",L14="?"),"",IF(L14>0,I14,"")) -> 81.16
A15: ויזה 7520 | B15: גולן טלקום | C15: 27/05/2026 | D15: 131.82 | E15: כאל | F15: ישראל | G15: הוראת קבע | H15: 02/06/2026 | I15: 131.82 | K15: =IF(A15>0,VLOOKUP(A15,טבלאות!$J:$K,2,0),"") -> אשראי מיכה | L15: =IF(ISERROR(VLOOKUP(B15,טבלאות!$G:$H,2,0)),"",VLOOKUP(B15,טבלאות!$G:$H,2,0)) -> מוצרי חשמל ותקשורת | M15: =IF(OR(L15="",L15="?"),"",IF(L15>0,I15,"")) -> 131.82
A16: ויזה 3669 | B16: מרכז הפרחים בנצי רחובות | C16: 27/05/2026 | D16: 100 | E16: כאל | F16: ישראל | H16: 02/06/2026 | I16: 100 | K16: =IF(A16>0,VLOOKUP(A16,טבלאות!$J:$K,2,0),"") -> אשראי אורנה | L16: =IF(ISERROR(VLOOKUP(B16,טבלאות!$G:$H,2,0)),"",VLOOKUP(B16,טבלאות!$G:$H,2,0)) -> בית וגן | M16: =IF(OR(L16="",L16="?"),"",IF(L16>0,I16,"")) -> 100
A17: ויזה 3669 | B17: סופר פארם הרצל רחובות | C17: 27/05/2026 | D17: 62.19 | E17: כאל | F17: ישראל | H17: 02/06/2026 | I17: 62.19 | K17: =IF(A17>0,VLOOKUP(A17,טבלאות!$J:$K,2,0),"") -> אשראי אורנה | L17: =IF(ISERROR(VLOOKUP(B17,טבלאות!$G:$H,2,0)),"",VLOOKUP(B17,טבלאות!$G:$H,2,0)) -> בריאות | M17: =IF(OR(L17="",L17="?"),"",IF(L17>0,I17,"")) -> 62.19
A18: ויזה 3669 | B18: סופר פארם הרצל רחובות | C18: 27/05/2026 | D18: 26.3 | E18: כאל | F18: ישראל | H18: 02/06/2026 | I18: 26.3 | K18: =IF(A18>0,VLOOKUP(A18,טבלאות!$J:$K,2,0),"") -> אשראי אורנה | L18: =IF(ISERROR(VLOOKUP(B18,טבלאות!$G:$H,2,0)),"",VLOOKUP(B18,טבלאות!$G:$H,2,0)) -> בריאות | M18: =IF(OR(L18="",L18="?"),"",IF(L18>0,I18,"")) -> 26.3
A19: ויזה 7520 | B19: PAYBOX | C19: 26/05/2026 | D19: 30 | E19: כאל | F19: חו"ל | G19: ישראל . העברה למתנה לעפר | H19: 02/06/2026 | I19: 30 | K19: =IF(A19>0,VLOOKUP(A19,טבלאות!$J:$K,2,0),"") -> אשראי מיכה | L19: =IF(ISERROR(VLOOKUP(B19,טבלאות!$G:$H,2,0)),"",VLOOKUP(B19,טבלאות!$G:$H,2,0)) -> חוגים | M19: =IF(OR(L19="",L19="?"),"",IF(L19>0,I19,"")) -> 30
A20: ויזה 7520 | B20: CELLO | C20: 26/05/2026 | D20: 494.53 | E20: כאל | F20: ישראל | G20: הוראת קבע | H20: 02/06/2026 | I20: 494.53 | K20: =IF(A20>0,VLOOKUP(A20,טבלאות!$J:$K,2,0),"") -> אשראי מיכה | L20: =IF(ISERROR(VLOOKUP(B20,טבלאות!$G:$H,2,0)),"",VLOOKUP(B20,טבלאות!$G:$H,2,0)) -> רכב ותחבורה | M20: =IF(OR(L20="",L20="?"),"",IF(L20>0,I20,"")) -> 494.53
A21: ויזה 7520 | B21: רשת כוורת בצה"ל | C21: 26/05/2026 | D21: 37 | E21: כאל | F21: ישראל | H21: 02/06/2026 | I21: 37 | K21: =IF(A21>0,VLOOKUP(A21,טבלאות!$J:$K,2,0),"") -> אשראי מיכה | L21: =IF(ISERROR(VLOOKUP(B21,טבלאות!$G:$H,2,0)),"",VLOOKUP(B21,טבלאות!$G:$H,2,0)) -> מזון ומשקאות | M21: =IF(OR(L21="",L21="?"),"",IF(L21>0,I21,"")) -> 37
A22: ויזה 3669 | B22: הראל ביטוח חיים | C22: 26/05/2026 | D22: 57.75 | E22: כאל | F22: ישראל | G22: הוראת קבע | H22: 02/06/2026 | I22: 57.75 | K22: =IF(A22>0,VLOOKUP(A22,טבלאות!$J:$K,2,0),"") -> אשראי אורנה | L22: =IF(ISERROR(VLOOKUP(B22,טבלאות!$G:$H,2,0)),"",VLOOKUP(B22,טבלאות!$G:$H,2,0)) -> ביטוח | M22: =IF(OR(L22="",L22="?"),"",IF(L22>0,I22,"")) -> 57.75
A23: ויזה 3669 | B23: PAYBOX | C23: 25/05/2026 | D23: 130 | E23: כאל | F23: ישראל | G23: העברה לשרית קרת עבור שיעור הילה | H23: 02/06/2026 | I23: 130 | K23: =IF(A23>0,VLOOKUP(A23,טבלאות!$J:$K,2,0),"") -> אשראי אורנה | L23: =IF(ISERROR(VLOOKUP(B23,טבלאות!$G:$H,2,0)),"",VLOOKUP(B23,טבלאות!$G:$H,2,0)) -> חוגים | M23: =IF(OR(L23="",L23="?"),"",IF(L23>0,I23,"")) -> 130
A24: ויזה 7520 | B24: שרותי בריאות כללית הו"ק | C24: 24/05/2026 | D24: 70.92 | E24: כאל | F24: ישראל | G24: הוראת קבע | H24: 02/06/2026 | I24: 70.92 | K24: =IF(A24>0,VLOOKUP(A24,טבלאות!$J:$K,2,0),"") -> אשראי מיכה | L24: =IF(ISERROR(VLOOKUP(B24,טבלאות!$G:$H,2,0)),"",VLOOKUP(B24,טבלאות!$G:$H,2,0)) -> בריאות | M24: =IF(OR(L24="",L24="?"),"",IF(L24>0,I24,"")) -> 70.92
A25: ויזה 7520 | B25: סעוד הראל -כללית | C25: 24/05/2026 | D25: 130.09 | E25: כאל | F25: ישראל | G25: הוראת קבע | H25: 02/06/2026 | I25: 130.09 | K25: =IF(A25>0,VLOOKUP(A25,טבלאות!$J:$K,2,0),"") -> אשראי מיכה | L25: =IF(ISERROR(VLOOKUP(B25,טבלאות!$G:$H,2,0)),"",VLOOKUP(B25,טבלאות!$G:$H,2,0)) -> בריאות | M25: =IF(OR(L25="",L25="?"),"",IF(L25>0,I25,"")) -> 130.09
A26: ויזה 7520 | B26: סנטר 1 שערי ירושלים בעמ | C26: 24/05/2026 | D26: 90 | E26: כאל | F26: ישראל | H26: 02/06/2026 | I26: 90 | K26: =IF(A26>0,VLOOKUP(A26,טבלאות!$J:$K,2,0),"") -> אשראי מיכה | L26: =IF(ISERROR(VLOOKUP(B26,טבלאות!$G:$H,2,0)),"",VLOOKUP(B26,טבלאות!$G:$H,2,0)) -> רכב ותחבורה | M26: =IF(OR(L26="",L26="?"),"",IF(L26>0,I26,"")) -> 90
A27: ויזה 7520 | B27: גליקסמן שיווק ביצים | C27: 24/05/2026 | D27: 72 | E27: כאל | F27: ישראל | H27: 02/06/2026 | I27: 72 | K27: =IF(A27>0,VLOOKUP(A27,טבלאות!$J:$K,2,0),"") -> אשראי מיכה | L27: =IF(ISERROR(VLOOKUP(B27,טבלאות!$G:$H,2,0)),"",VLOOKUP(B27,טבלאות!$G:$H,2,0)) -> מזון ומשקאות | M27: =IF(OR(L27="",L27="?"),"",IF(L27>0,I27,"")) -> 72
A28: ויזה 3669 | B28: דלק מנטה קמעונאות דרכים ב | C28: 24/05/2026 | D28: 202.86 | E28: כאל | F28: ישראל | H28: 02/06/2026 | I28: 202.86 | K28: =IF(A28>0,VLOOKUP(A28,טבלאות!$J:$K,2,0),"") -> אשראי אורנה | L28: =IF(ISERROR(VLOOKUP(B28,טבלאות!$G:$H,2,0)),"",VLOOKUP(B28,טבלאות!$G:$H,2,0)) -> רכב ותחבורה | M28: =IF(OR(L28="",L28="?"),"",IF(L28>0,I28,"")) -> 202.86
A29: ויזה 7520 | B29: GOOGLE*QUSTODIO PAREN | C29: 23/05/2026 | D29: 199.9 | E29: כאל | F29: חו"ל | G29: ארצות הברית | H29: 02/06/2026 | I29: 199.9 | K29: =IF(A29>0,VLOOKUP(A29,טבלאות!$J:$K,2,0),"") -> אשראי מיכה | L29: =IF(ISERROR(VLOOKUP(B29,טבלאות!$G:$H,2,0)),"",VLOOKUP(B29,טבלאות!$G:$H,2,0)) -> ילדים | M29: =IF(OR(L29="",L29="?"),"",IF(L29>0,I29,"")) -> 199.9
A30: ויזה 3669 | B30: BIT | C30: 23/05/2026 | D30: 500 | E30: כאל | F30: חו"ל | G30: ישראל . העברה ללירון ליארזי | H30: 02/06/2026 | I30: 500 | K30: =IF(A30>0,VLOOKUP(A30,טבלאות!$J:$K,2,0),"") -> אשראי אורנה | L30: =IF(ISERROR(VLOOKUP(B30,טבלאות!$G:$H,2,0)),"",VLOOKUP(B30,טבלאות!$G:$H,2,0)) -> מתנות ומזכרות | M30: =IF(OR(L30="",L30="?"),"",IF(L30>0,I30,"")) -> 500
A31: ויזה 7520 | B31: דוכן הפרדסן מקס איט ניכיו | C31: 22/05/2026 | D31: 82.22 | E31: כאל | F31: ישראל | H31: 02/06/2026 | I31: 82.22 | K31: =IF(A31>0,VLOOKUP(A31,טבלאות!$J:$K,2,0),"") -> אשראי מיכה | L31: =IF(ISERROR(VLOOKUP(B31,טבלאות!$G:$H,2,0)),"",VLOOKUP(B31,טבלאות!$G:$H,2,0)) -> מזון ומשקאות | M31: =IF(OR(L31="",L31="?"),"",IF(L31>0,I31,"")) -> 82.22
A32: ויזה 7520 | B32: קואופ רחובות | C32: 21/05/2026 | D32: 267.94 | E32: כאל | F32: ישראל | H32: 02/06/2026 | I32: 267.94 | K32: =IF(A32>0,VLOOKUP(A32,טבלאות!$J:$K,2,0),"") -> אשראי מיכה | L32: =IF(ISERROR(VLOOKUP(B32,טבלאות!$G:$H,2,0)),"",VLOOKUP(B32,טבלאות!$G:$H,2,0)) -> מזון ומשקאות | M32: =IF(OR(L32="",L32="?"),"",IF(L32>0,I32,"")) -> 267.94
A33: ויזה 7520 | B33: סופר-פארם מרכז הנשיא רחוב | C33: 21/05/2026 | D33: 56.68 | E33: כאל | F33: ישראל | H33: 02/06/2026 | I33: 56.68 | K33: =IF(A33>0,VLOOKUP(A33,טבלאות!$J:$K,2,0),"") -> אשראי מיכה | L33: =IF(ISERROR(VLOOKUP(B33,טבלאות!$G:$H,2,0)),"",VLOOKUP(B33,טבלאות!$G:$H,2,0)) -> בריאות | M33: =IF(OR(L33="",L33="?"),"",IF(L33>0,I33,"")) -> 56.68
A34: ויזה 7520 | B34: מחסני השוק רחובות הנשיא | C34: 21/05/2026 | D34: 6.2 | E34: כאל | F34: ישראל | H34: 02/06/2026 | I34: 6.2 | K34: =IF(A34>0,VLOOKUP(A34,טבלאות!$J:$K,2,0),"") -> אשראי מיכה | L34: =IF(ISERROR(VLOOKUP(B34,טבלאות!$G:$H,2,0)),"",VLOOKUP(B34,טבלאות!$G:$H,2,0)) -> מזון ומשקאות | M34: =IF(OR(L34="",L34="?"),"",IF(L34>0,I34,"")) -> 6.2
A35: ויזה 7520 | B35: טיב טעם רשתות רחובות | C35: 21/05/2026 | D35: 57.79 | E35: כאל | F35: ישראל | H35: 02/06/2026 | I35: 57.79 | K35: =IF(A35>0,VLOOKUP(A35,טבלאות!$J:$K,2,0),"") -> אשראי מיכה | L35: =IF(ISERROR(VLOOKUP(B35,טבלאות!$G:$H,2,0)),"",VLOOKUP(B35,טבלאות!$G:$H,2,0)) -> מזון ומשקאות | M35: =IF(OR(L35="",L35="?"),"",IF(L35>0,I35,"")) -> 57.79
A36: ויזה 7520 | B36: אבולעפיה מאפיה | C36: 21/05/2026 | D36: 140 | E36: כאל | F36: ישראל | H36: 02/06/2026 | I36: 140 | K36: =IF(A36>0,VLOOKUP(A36,טבלאות!$J:$K,2,0),"") -> אשראי מיכה | L36: =IF(ISERROR(VLOOKUP(B36,טבלאות!$G:$H,2,0)),"",VLOOKUP(B36,טבלאות!$G:$H,2,0)) -> בילוי ומסעדות | M36: =IF(OR(L36="",L36="?"),"",IF(L36>0,I36,"")) -> 140
A37: ויזה 7520 | B37: אתרים | C37: 21/05/2026 | D37: 27.25 | E37: כאל | F37: ישראל | H37: 02/06/2026 | I37: 27.25 | K37: =IF(A37>0,VLOOKUP(A37,טבלאות!$J:$K,2,0),"") -> אשראי מיכה | L37: =IF(ISERROR(VLOOKUP(B37,טבלאות!$G:$H,2,0)),"",VLOOKUP(B37,טבלאות!$G:$H,2,0)) -> רכב ותחבורה | M37: =IF(OR(L37="",L37="?"),"",IF(L37>0,I37,"")) -> 27.25
A38: ויזה 7520 | B38: מ. יוחננוף ובניו- רחובות | C38: 20/05/2026 | D38: 698.47 | E38: כאל | F38: ישראל | H38: 02/06/2026 | I38: 698.47 | K38: =IF(A38>0,VLOOKUP(A38,טבלאות!$J:$K,2,0),"") -> אשראי מיכה | L38: =IF(ISERROR(VLOOKUP(B38,טבלאות!$G:$H,2,0)),"",VLOOKUP(B38,טבלאות!$G:$H,2,0)) -> מזון ומשקאות | M38: =IF(OR(L38="",L38="?"),"",IF(L38>0,I38,"")) -> 698.47
A39: ויזה 3669 | B39: בזק הוראות קבע | C39: 20/05/2026 | D39: 163.45 | E39: כאל | F39: ישראל | G39: הוראת קבע | H39: 02/06/2026 | I39: 163.45 | K39: =IF(A39>0,VLOOKUP(A39,טבלאות!$J:$K,2,0),"") -> אשראי אורנה | L39: =IF(ISERROR(VLOOKUP(B39,טבלאות!$G:$H,2,0)),"",VLOOKUP(B39,טבלאות!$G:$H,2,0)) -> מוצרי חשמל ותקשורת | M39: =IF(OR(L39="",L39="?"),"",IF(L39>0,I39,"")) -> 163.45
A40: ויזה 3669 | B40: העברה ב BIT בנה"פ | C40: 19/05/2026 | D40: 100 | E40: כאל | F40: ישראל | G40: העברה למרשה דוידוביץ | H40: 02/06/2026 | I40: 100 | K40: =IF(A40>0,VLOOKUP(A40,טבלאות!$J:$K,2,0),"") -> אשראי אורנה | L40: =IF(ISERROR(VLOOKUP(B40,טבלאות!$G:$H,2,0)),"",VLOOKUP(B40,טבלאות!$G:$H,2,0)) -> חוגים | M40: =IF(OR(L40="",L40="?"),"",IF(L40>0,I40,"")) -> 100
A41: ויזה 7520 | B41: PAYPAL *ZWIFT | C41: 17/05/2026 | D41: 60.04 | E41: כאל | F41: חו"ל | G41: ארצות הברית . מזהה כרטיס אינטרנט 4470 | H41: 02/06/2026 | I41: 60.04 | K41: =IF(A41>0,VLOOKUP(A41,טבלאות!$J:$K,2,0),"") -> אשראי מיכה | L41: =IF(ISERROR(VLOOKUP(B41,טבלאות!$G:$H,2,0)),"",VLOOKUP(B41,טבלאות!$G:$H,2,0)) -> בית וגן | M41: =IF(OR(L41="",L41="?"),"",IF(L41>0,I41,"")) -> 60.04
A42: ויזה 7520 | B42: גולן טלקום | C42: 17/05/2026 | D42: 19 | E42: כאל | F42: ישראל | G42: הוראת קבע | H42: 02/06/2026 | I42: 19 | K42: =IF(A42>0,VLOOKUP(A42,טבלאות!$J:$K,2,0),"") -> אשראי מיכה | L42: =IF(ISERROR(VLOOKUP(B42,טבלאות!$G:$H,2,0)),"",VLOOKUP(B42,טבלאות!$G:$H,2,0)) -> מוצרי חשמל ותקשורת | M42: =IF(OR(L42="",L42="?"),"",IF(L42>0,I42,"")) -> 19
A43: ויזה 7520 | B43: גליקסמן שיווק ביצים | C43: 17/05/2026 | D43: 72 | E43: כאל | F43: ישראל | H43: 02/06/2026 | I43: 72 | K43: =IF(A43>0,VLOOKUP(A43,טבלאות!$J:$K,2,0),"") -> אשראי מיכה | L43: =IF(ISERROR(VLOOKUP(B43,טבלאות!$G:$H,2,0)),"",VLOOKUP(B43,טבלאות!$G:$H,2,0)) -> מזון ומשקאות | M43: =IF(OR(L43="",L43="?"),"",IF(L43>0,I43,"")) -> 72
A44: ויזה 7520 | B44: מ. יוחננוף ובניו- רחובות | C44: 17/05/2026 | D44: 141.01 | E44: כאל | F44: ישראל | H44: 02/06/2026 | I44: 141.01 | K44: =IF(A44>0,VLOOKUP(A44,טבלאות!$J:$K,2,0),"") -> אשראי מיכה | L44: =IF(ISERROR(VLOOKUP(B44,טבלאות!$G:$H,2,0)),"",VLOOKUP(B44,טבלאות!$G:$H,2,0)) -> מזון ומשקאות | M44: =IF(OR(L44="",L44="?"),"",IF(L44>0,I44,"")) -> 141.01
A45: ויזה 7520 | B45: קואופ רחובות | C45: 15/05/2026 | D45: 4.18 | E45: כאל | F45: ישראל | H45: 02/06/2026 | I45: 4.18 | K45: =IF(A45>0,VLOOKUP(A45,טבלאות!$J:$K,2,0),"") -> אשראי מיכה | L45: =IF(ISERROR(VLOOKUP(B45,טבלאות!$G:$H,2,0)),"",VLOOKUP(B45,טבלאות!$G:$H,2,0)) -> מזון ומשקאות | M45: =IF(OR(L45="",L45="?"),"",IF(L45>0,I45,"")) -> 4.18
A46: ויזה 7520 | B46: מחסני השוק רחובות הנשיא | C46: 15/05/2026 | D46: 34.57 | E46: כאל | F46: ישראל | H46: 02/06/2026 | I46: 34.57 | K46: =IF(A46>0,VLOOKUP(A46,טבלאות!$J:$K,2,0),"") -> אשראי מיכה | L46: =IF(ISERROR(VLOOKUP(B46,טבלאות!$G:$H,2,0)),"",VLOOKUP(B46,טבלאות!$G:$H,2,0)) -> מזון ומשקאות | M46: =IF(OR(L46="",L46="?"),"",IF(L46>0,I46,"")) -> 34.57
A47: ויזה 3669 | B47: תשלום ועד בית | C47: 15/05/2026 | D47: 350 | E47: כאל | F47: ישראל | H47: 02/06/2026 | I47: 350 | K47: =IF(A47>0,VLOOKUP(A47,טבלאות!$J:$K,2,0),"") -> אשראי אורנה | L47: =IF(ISERROR(VLOOKUP(B47,טבלאות!$G:$H,2,0)),"",VLOOKUP(B47,טבלאות!$G:$H,2,0)) -> בית וגן | M47: =IF(OR(L47="",L47="?"),"",IF(L47>0,I47,"")) -> 350
A48: ויזה 7520 | B48: אופיס דיפו - נס ציונה | C48: 13/05/2026 | D48: 107.8 | E48: כאל | F48: ישראל | H48: 02/06/2026 | I48: 107.8 | K48: =IF(A48>0,VLOOKUP(A48,טבלאות!$J:$K,2,0),"") -> אשראי מיכה | L48: =IF(ISERROR(VLOOKUP(B48,טבלאות!$G:$H,2,0)),"",VLOOKUP(B48,טבלאות!$G:$H,2,0)) -> מתנות ומזכרות | M48: =IF(OR(L48="",L48="?"),"",IF(L48>0,I48,"")) -> 107.8
A49: ויזה 7520 | B49: מ. יוחננוף ובניו- רחובות | C49: 13/05/2026 | D49: 500.87 | E49: כאל | F49: ישראל | H49: 02/06/2026 | I49: 500.87 | K49: =IF(A49>0,VLOOKUP(A49,טבלאות!$J:$K,2,0),"") -> אשראי מיכה | L49: =IF(ISERROR(VLOOKUP(B49,טבלאות!$G:$H,2,0)),"",VLOOKUP(B49,טבלאות!$G:$H,2,0)) -> מזון ומשקאות | M49: =IF(OR(L49="",L49="?"),"",IF(L49>0,I49,"")) -> 500.87
A50: ויזה 3669 | B50: דלק מנטה קמעונאות דרכים ב | C50: 13/05/2026 | D50: 141.97 | E50: כאל | F50: ישראל | H50: 02/06/2026 | I50: 141.97 | K50: =IF(A50>0,VLOOKUP(A50,טבלאות!$J:$K,2,0),"") -> אשראי אורנה | L50: =IF(ISERROR(VLOOKUP(B50,טבלאות!$G:$H,2,0)),"",VLOOKUP(B50,טבלאות!$G:$H,2,0)) -> רכב ותחבורה | M50: =IF(OR(L50="",L50="?"),"",IF(L50>0,I50,"")) -> 141.97
A51: ויזה 7520 | B51: ח.ת אוטומוטורס בע"מ | C51: 12/05/2026 | D51: 3394 | E51: כאל | F51: תשלום-ישראל | G51: 1 מ - 2 | H51: 02/06/2026 | I51: 1697 | K51: =IF(A51>0,VLOOKUP(A51,טבלאות!$J:$K,2,0),"") -> אשראי מיכה | L51: =IF(ISERROR(VLOOKUP(B51,טבלאות!$G:$H,2,0)),"",VLOOKUP(B51,טבלאות!$G:$H,2,0)) -> רכב ותחבורה | M51: =IF(OR(L51="",L51="?"),"",IF(L51>0,I51,"")) -> 1697
A52: ויזה 7520 | B52: קומפיוטסט הנדסה ציוד לרכב | C52: 12/05/2026 | D52: 121.93 | E52: כאל | F52: ישראל | H52: 02/06/2026 | I52: 121.93 | K52: =IF(A52>0,VLOOKUP(A52,טבלאות!$J:$K,2,0),"") -> אשראי מיכה | L52: =IF(ISERROR(VLOOKUP(B52,טבלאות!$G:$H,2,0)),"",VLOOKUP(B52,טבלאות!$G:$H,2,0)) -> רכב ותחבורה | M52: =IF(OR(L52="",L52="?"),"",IF(L52>0,I52,"")) -> 121.93
A53: ויזה 7520 | B53: רשת כוורת בצה"ל | C53: 11/05/2026 | D53: 79 | E53: כאל | F53: ישראל | H53: 02/06/2026 | I53: 79 | K53: =IF(A53>0,VLOOKUP(A53,טבלאות!$J:$K,2,0),"") -> אשראי מיכה | L53: =IF(ISERROR(VLOOKUP(B53,טבלאות!$G:$H,2,0)),"",VLOOKUP(B53,טבלאות!$G:$H,2,0)) -> מזון ומשקאות | M53: =IF(OR(L53="",L53="?"),"",IF(L53>0,I53,"")) -> 79
A54: ויזה 7520 | B54: גליקסמן שיווק ביצים | C54: 11/05/2026 | D54: 72 | E54: כאל | F54: ישראל | H54: 02/06/2026 | I54: 72 | K54: =IF(A54>0,VLOOKUP(A54,טבלאות!$J:$K,2,0),"") -> אשראי מיכה | L54: =IF(ISERROR(VLOOKUP(B54,טבלאות!$G:$H,2,0)),"",VLOOKUP(B54,טבלאות!$G:$H,2,0)) -> מזון ומשקאות | M54: =IF(OR(L54="",L54="?"),"",IF(L54>0,I54,"")) -> 72
A55: ויזה 3669 | B55: כללית סמייל רמז רחובות | C55: 11/05/2026 | D55: 411 | E55: כאל | F55: ישראל | H55: 02/06/2026 | I55: 411 | K55: =IF(A55>0,VLOOKUP(A55,טבלאות!$J:$K,2,0),"") -> אשראי אורנה | L55: =IF(ISERROR(VLOOKUP(B55,טבלאות!$G:$H,2,0)),"",VLOOKUP(B55,טבלאות!$G:$H,2,0)) -> בריאות | M55: =IF(OR(L55="",L55="?"),"",IF(L55>0,I55,"")) -> 411
A56: ויזה 3669 | B56: זיגו - כרטיסים לאירועים | C56: 11/05/2026 | D56: 663 | E56: כאל | F56: ישראל | H56: 02/06/2026 | I56: 663 | K56: =IF(A56>0,VLOOKUP(A56,טבלאות!$J:$K,2,0),"") -> אשראי אורנה | L56: =IF(ISERROR(VLOOKUP(B56,טבלאות!$G:$H,2,0)),"",VLOOKUP(B56,טבלאות!$G:$H,2,0)) -> בילוי ומסעדות | M56: =IF(OR(L56="",L56="?"),"",IF(L56>0,I56,"")) -> 663
A57: ויזה 7520 | B57: סופר שוק יוחננוף | C57: 10/05/2026 | D57: 16.7 | E57: כאל | F57: ישראל | H57: 02/06/2026 | I57: 16.7 | K57: =IF(A57>0,VLOOKUP(A57,טבלאות!$J:$K,2,0),"") -> אשראי מיכה | L57: =IF(ISERROR(VLOOKUP(B57,טבלאות!$G:$H,2,0)),"",VLOOKUP(B57,טבלאות!$G:$H,2,0)) -> מזון ומשקאות | M57: =IF(OR(L57="",L57="?"),"",IF(L57>0,I57,"")) -> 16.7
