Workbook
Name סוג_כרטיס: טבלאות!$B$2:$B$6
Name סוגי_הוצאות: [1]טבלאות!$A$2:$A$23

Sheet _פירוט_עסקאות בכ
A1: כרטיס | B1: בית עסק | C1: תאריך עסקה | D1: סכום העסקה | E1: מנפיק | F1: סוג העסקה | G1: פירוט | H1: תאריך החיוב | I1: סכום החיוב | J1: כרטיס הוצג במעמד העסקה? | K1: סוג כרטיס
A2: ויזה 3669 | B2: הראל ביטוח חיים | C2: 46199 | D2: 57.59 | H2: 46205 | I2: 57.59 | K2: =IF(A2>0,VLOOKUP(A2,טבלאות!$A:$B,2,0),"") -> אשראי אורנה
A3: ויזה 3669 | B3: קואופ רחובות | C3: 46197 | D3: 15.28 | H3: 46205 | I3: 15.28 | K3: =IF(A3>0,VLOOKUP(A3,טבלאות!$A:$B,2,0),"") -> אשראי אורנה
A4: ויזה 3669 | B4: חברת החשמל לישראל בע"מ | C4: 46196 | D4: 495.15 | H4: 46205 | I4: 495.15 | K4: =IF(A4>0,VLOOKUP(A4,טבלאות!$A:$B,2,0),"") -> אשראי אורנה
A5: ויזה 3669 | B5: דלק מנטה קמעונאות דרכים בע"מ ראשון | C5: 46195 | D5: 228.27 | H5: 46205 | I5: 228.27 | K5: =IF(A5>0,VLOOKUP(A5,טבלאות!$A:$B,2,0),"") -> אשראי אורנה
A6: ויזה 3669 | B6: מחסני השוק רחובות הנשיא | C6: 46194 | D6: 12.25 | H6: 46205 | I6: 12.25 | K6: =IF(A6>0,VLOOKUP(A6,טבלאות!$A:$B,2,0),"") -> אשראי אורנה
A7: ויזה 3669 | B7: סטימצקי מרכז הנשיא רחובות | C7: 46194 | D7: 100.8 | H7: 46205 | I7: 100.8 | K7: =IF(A7>0,VLOOKUP(A7,טבלאות!$A:$B,2,0),"") -> אשראי אורנה
A8: ויזה 3669 | B8: בזק הוראות קבע | C8: 46193 | D8: 169.84 | H8: 46205 | I8: 169.84 | K8: =IF(A8>0,VLOOKUP(A8,טבלאות!$A:$B,2,0),"") -> אשראי אורנה
A9: ויזה 3669 | B9: תשלום ועד בית | C9: 46188 | D9: 350 | H9: 46205 | I9: 350 | K9: =IF(A9>0,VLOOKUP(A9,טבלאות!$A:$B,2,0),"") -> אשראי אורנה
A10: ויזה 3669 | B10: זר פור יו (2000) בע"מ | C10: 46188 | D10: 229 | H10: 46205 | I10: 229 | K10: =IF(A10>0,VLOOKUP(A10,טבלאות!$A:$B,2,0),"") -> אשראי אורנה
A11: ויזה 3669 | B11: דלק מנטה קמעונאות דרכים בע"מ ראשון | C11: 46187 | D11: 242.23 | H11: 46205 | I11: 242.23 | K11: =IF(A11>0,VLOOKUP(A11,טבלאות!$A:$B,2,0),"") -> אשראי אורנה
A12: ויזה 3669 | B12: מחסני השוק רחובות הנשיא | C12: 46181 | D12: 57.6 | H12: 46205 | I12: 57.6 | K12: =IF(A12>0,VLOOKUP(A12,טבלאות!$A:$B,2,0),"") -> אשראי אורנה
A13: ויזה 3669 | B13: קואופ רחובות | C13: 46181 | D13: 50.5 | H13: 46205 | I13: 50.5 | K13: =IF(A13>0,VLOOKUP(A13,טבלאות!$A:$B,2,0),"") -> אשראי אורנה
... A31: ישראכרט | B31: לא הוצג מועדון טוב שיווק ישיר | C31: 46198 | D31: 79 | H31: 46205 | I31: 79 | K31: =IF(A31>0,VLOOKUP(A31,טבלאות!$A:$B,2,0),"") -> טוב
A32: ויזה 7520 | B32: מ. יוחננוף ובניו- רחובות מרכז סנטרו | C32: 46203 | D32: 707.75 | H32: 46205 | I32: 707.75
A33: ויזה 7520 | B33: בריין בינה בעמ | C33: 46203 | D33: 37 | H33: 46205 | I33: 37
A34: ויזה 7520 | B34: PAYPAL *NETFLIX COM | C34: 46203 | D34: 69.9 | H34: 46205 | I34: 69.9 | K34: =IF(A34>0,VLOOKUP(A34,טבלאות!$A:$B,2,0),"") -> אשראי מיכה
A35: ויזה 7520 | B35: מחסני השוק רחובות הנשיא | C35: 46202 | D35: 7.42 | H35: 46205 | I35: 7.42 | K35: =IF(A35>0,VLOOKUP(A35,טבלאות!$A:$B,2,0),"") -> אשראי מיכה
A36: ויזה 7520 | B36: גולן טלקום | C36: 46202 | D36: 131.8 | H36: 46205 | I36: 131.8
A37: ויזה 7520 | B37: דוכן הפרדסן מקס איט ניכיונות בע"מ | C37: 46201 | D37: 108.8 | H37: 46205 | I37: 108.8
A38: ויזה 7520 | B38: גליקסמן שיווק ביצים | C38: 46201 | D38: 72 | H38: 46205 | I38: 72
A39: ויזה 7520 | B39: סנטר 1 שערי ירושלים בעמ | C39: 46201 | D39: 90 | H39: 46205 | I39: 90
A40: ויזה 7520 | B40: הפניקס חיים ובריאות | C40: 46201 | D40: 55.07 | H40: 46205 | I40: 55.07
A41: ויזה 7520 | B41: CELLO | C41: 46198 | D41: 386.28 | H41: 46205 | I41: 386.28
A42: ויזה 7520 | B42: חניון פארק ויצמן רחובות | C42: 46198 | D42: 3 | H42: 46205 | I42: 3
A43: ויזה 7520 | B43: טיב טעם רשתות רחובות | C43: 46198 | D43: 27.93 | H43: 46205 | I43: 27.93
A44: ויזה 7520 | B44: דומינוס פיצה רחובות | C44: 46198 | D44: 36.4 | H44: 46205 | I44: 36.4
A45: ויזה 7520 | B45: מ. יוחננוף ובניו- רחובות מרכז סנטרו | C45: 46197 | D45: 870.52 | H45: 46205 | I45: 870.52
A46: ויזה 7520 | B46: סופר פארם רחובות ההולנדית | C46: 46197 | D46: 56.68 | H46: 46205 | I46: 56.68
A47: ויזה 7520 | B47: HOPON-DAN | C47: 46197 | D47: 32.5 | H47: 46205 | I47: 32.5
... A110: ויזה פלטינום | B110: דלק מנטה קמעונאות דרכים שלום נס ציונה | C110: 46177 | D110: 32.9 | H110: 46205 | I110: 32.9
A111: ויזה פלטינום | B111: דמי כרטיס | C111: 46177 | D111: 12.9 | H111: 46205

Sheet טבלאות
A1: מקור | B1: סוג כרטיס
A3: ויזה 7520 | B3: אשראי מיכה
A4: אורנה 2 0450 | B4: אשראי אורנה
A5: ויזה פלטינום | B5: שופרסל
A6: מקס איט פי | B6: בהצדעה
A7: ישראכרט | B7: טוב
A8: ויזה 3669 | B8: אשראי אורנה
A9: אורנה 3 3669 | B9: אשראי אורנה
A10: ויזה 1618 | B10: הסתדרות - פלטינה מסטרקארד
A11: 9973 | B11: ישראכרט אורנה
